-- ============================================================================
-- AUTO-GENERATED: Full data export from TOML files
-- Generated: 2025-12-20T02:12:06.443Z
-- ============================================================================

-- OBJECTIVES (from all TOML files)
DELETE FROM objectives;

INSERT INTO objectives (id, title, description, project_id, parent_id, status) VALUES ('obj-root', 'MMC 2025 Strategic Vision', 'Become the leading provider of smart, connected HVAC solutions in the Midwest through operational excellence, customer-centricity, and technological innovation', 'd4e5f6', NULL, 'active');
INSERT INTO objectives (id, title, description, project_id, parent_id, status) VALUES ('obj-ops', 'Operations Excellence', 'Transform field operations through technology-enabled efficiency and predictive capabilities', 'd4e5f6', 'obj-root', 'active');
INSERT INTO objectives (id, title, description, project_id, parent_id, status) VALUES ('obj-cust', 'Customer Experience', 'Deliver exceptional customer experiences across all touchpoints through digital transformation', 'd4e5f6', 'obj-root', 'active');
INSERT INTO objectives (id, title, description, project_id, parent_id, status) VALUES ('obj-eng', 'Engineering Innovation', 'Drive product innovation and R&D excellence to maintain competitive advantage', 'd4e5f6', 'obj-root', 'active');
INSERT INTO objectives (id, title, description, project_id, parent_id, status) VALUES ('obj-it', 'IT Modernization', 'Modernize IT infrastructure to enable digital transformation initiatives', 'd4e5f6', 'obj-root', 'active');
INSERT INTO objectives (id, title, description, project_id, parent_id, status) VALUES ('obj-hr', 'Workforce Development', 'Build a skilled, engaged workforce ready for the digital future', 'd4e5f6', 'obj-root', 'active');
INSERT INTO objectives (id, title, description, project_id, parent_id, status) VALUES ('obj-fin', 'Financial Performance', 'Achieve sustainable profitability growth while investing in future capabilities', 'd4e5f6', 'obj-root', 'active');
INSERT INTO objectives (id, title, description, project_id, parent_id, status) VALUES ('101a2b', 'Rapid Field Service Response', 'Customers experiencing equipment issues must receive on-site technician support within a timeframe that minimizes business disruption and demonstrates our commitment to their operations', 'd4e5f6', 'obj-ops', 'active');
INSERT INTO objectives (id, title, description, project_id, parent_id, status) VALUES ('202b3c', 'First-Visit Issue Resolution', 'Service visits must be equipped with the knowledge, tools, and parts necessary to resolve customer issues on the initial visit, avoiding costly follow-ups and extended downtime', 'd4e5f6', 'obj-ops', 'active');
INSERT INTO objectives (id, title, description, project_id, parent_id, status) VALUES ('obj-ops-pred', 'Proactive Equipment Health Management', 'Equipment health must be continuously monitored to identify potential failures before they impact customer operations, enabling planned maintenance over reactive repairs', 'd4e5f6', 'obj-ops', 'active');
INSERT INTO objectives (id, title, description, project_id, parent_id, status) VALUES ('obj-ops-dispatch', 'Intelligent Dispatch Optimization', 'Technician assignments must consider location, skills, parts availability, and customer priority to minimize travel time and maximize daily service capacity', 'd4e5f6', 'obj-ops', 'active');
INSERT INTO objectives (id, title, description, project_id, parent_id, status) VALUES ('obj-ops-inventory', 'Parts and Inventory Excellence', 'Service vehicles and warehouses must maintain optimal inventory levels, ensuring parts availability while minimizing carrying costs and obsolescence', 'd4e5f6', 'obj-ops', 'active');
INSERT INTO objectives (id, title, description, project_id, parent_id, status) VALUES ('303c4d', 'Seamless Customer Journey', 'Every customer interaction—from initial inquiry through ongoing service—must feel cohesive, professional, and tailored to their specific needs and preferences', 'd4e5f6', 'obj-cust', 'active');
INSERT INTO objectives (id, title, description, project_id, parent_id, status) VALUES ('obj-cust-portal', 'Customer Self-Service Capability', 'Customers must have the ability to independently manage service requests, monitor equipment status, access documentation, and track technician arrivals at their convenience', 'd4e5f6', 'obj-cust', 'active');
INSERT INTO objectives (id, title, description, project_id, parent_id, status) VALUES ('obj-cust-comm', 'Proactive Customer Communication', 'Customers must receive timely, relevant updates about their equipment, service appointments, and technician arrival without needing to initiate contact', 'd4e5f6', 'obj-cust', 'active');
INSERT INTO objectives (id, title, description, project_id, parent_id, status) VALUES ('obj-cust-feedback', 'Customer Voice Integration', 'Customer feedback must be systematically captured, analyzed, and acted upon to continuously improve service delivery and product quality', 'd4e5f6', 'obj-cust', 'active');
INSERT INTO objectives (id, title, description, project_id, parent_id, status) VALUES ('obj-eng-iot', 'Connected Product Ecosystem', 'HVAC systems must integrate seamlessly with building management systems and provide remote visibility into performance, enabling data-driven maintenance and optimization', 'd4e5f6', 'obj-eng', 'active');
INSERT INTO objectives (id, title, description, project_id, parent_id, status) VALUES ('obj-eng-energy', 'Energy-Efficient Product Design', 'Products must minimize energy consumption while maintaining or exceeding performance requirements, helping customers reduce operational costs and environmental impact', 'd4e5f6', 'obj-eng', 'active');
INSERT INTO objectives (id, title, description, project_id, parent_id, status) VALUES ('obj-eng-quality', 'Product Reliability and Durability', 'Products must be designed and manufactured to exceed expected lifespan with minimal maintenance, reducing total cost of ownership for customers', 'd4e5f6', 'obj-eng', 'active');
INSERT INTO objectives (id, title, description, project_id, parent_id, status) VALUES ('obj-eng-modular', 'Modular and Serviceable Design', 'Products must be designed for easy diagnosis, repair, and component replacement, minimizing service time and enabling field upgrades', 'd4e5f6', 'obj-eng', 'active');
INSERT INTO objectives (id, title, description, project_id, parent_id, status) VALUES ('obj-it-cloud', 'Scalable Computing Infrastructure', 'Technology infrastructure must scale elastically to meet demand fluctuations, ensure high availability, and enable rapid deployment of new capabilities', 'd4e5f6', 'obj-it', 'active');
INSERT INTO objectives (id, title, description, project_id, parent_id, status) VALUES ('obj-it-data', 'Unified Data Foundation', 'Enterprise data must be accessible, trustworthy, and governed—providing a single source of truth that enables analytics, automation, and informed decision-making', 'd4e5f6', 'obj-it', 'active');
INSERT INTO objectives (id, title, description, project_id, parent_id, status) VALUES ('obj-it-security', 'Cybersecurity and Compliance', 'Systems and data must be protected from unauthorized access, breaches, and threats while meeting regulatory and industry compliance requirements', 'd4e5f6', 'obj-it', 'active');
INSERT INTO objectives (id, title, description, project_id, parent_id, status) VALUES ('obj-it-business-systems', 'Enterprise Resource Management Software', 'A unified platform must provide visibility into strategic alignment, resource capacity, project portfolios, and operational metrics, eliminating data silos and enabling informed decision-making', 'd4e5f6', 'obj-it', 'active');
INSERT INTO objectives (id, title, description, project_id, parent_id, status) VALUES ('obj-rubigo-admin', 'Platform Administration', 'System administrators must be able to manage platform configuration, user accounts, and foundational data that enables all other platform capabilities', 'd4e5f6', 'obj-it-business-systems', 'active');
INSERT INTO objectives (id, title, description, project_id, parent_id, status) VALUES ('obj-rubigo-personnel', 'Personnel Directory Management', 'Administrators must be able to maintain an accurate personnel directory that reflects the organization''s current workforce, enabling effective resource allocation and communication', 'd4e5f6', 'obj-rubigo-admin', 'active');
INSERT INTO objectives (id, title, description, project_id, parent_id, status) VALUES ('obj-rubigo-strategy', 'Strategic Alignment Visibility', 'Leadership must be able to see how projects, initiatives, and activities align to strategic objectives, enabling informed prioritization and resource decisions', 'd4e5f6', 'obj-it-business-systems', 'active');
INSERT INTO objectives (id, title, description, project_id, parent_id, status) VALUES ('obj-rubigo-capacity', 'Resource Capacity Planning', 'The organization must have visibility into workforce capacity, skill availability, and allocation gaps to ensure initiatives are properly staffed', 'd4e5f6', 'obj-it-business-systems', 'active');
INSERT INTO objectives (id, title, description, project_id, parent_id, status) VALUES ('obj-rubigo-portfolio', 'Project Portfolio Oversight', 'Management must have a comprehensive view of all projects, their status, dependencies, and resource consumption to optimize the portfolio', 'd4e5f6', 'obj-it-business-systems', 'active');
INSERT INTO objectives (id, title, description, project_id, parent_id, status) VALUES ('obj-rubigo-metrics', 'Operational Metrics and KPIs', 'Key performance indicators must be tracked, visualized, and connected to strategic objectives to measure progress and identify areas needing attention', 'd4e5f6', 'obj-it-business-systems', 'active');
INSERT INTO objectives (id, title, description, project_id, parent_id, status) VALUES ('obj-personnel-org-structure', 'Personnel Directory and Org Structure', 'The organization must maintain an accurate, accessible directory of personnel with reporting relationships, roles, skills, and contact information', 'd4e5f6', 'obj-it-business-systems', 'active');
INSERT INTO objectives (id, title, description, project_id, parent_id, status) VALUES ('obj-rubigo-crm', 'Customer Relationship Management', 'Customer interactions, sales pipelines, and service history must be centrally managed to enable personalized engagement and data-driven decision making', 'd4e5f6', 'obj-it-business-systems', 'active');
INSERT INTO objectives (id, title, description, project_id, parent_id, status) VALUES ('obj-rubigo-finance', 'Financial Operations Management', 'Financial, procurement, and supply chain operations must be managed through integrated systems that provide real-time visibility and control', 'd4e5f6', 'obj-it-business-systems', 'active');
INSERT INTO objectives (id, title, description, project_id, parent_id, status) VALUES ('obj-rubigo-events', 'Event and Schedule Management', 'The organization must have a unified calendar system for scheduling, coordinating, and tracking events, meetings, deadlines, and milestones across teams and projects', 'd4e5f6', 'obj-it-business-systems', 'active');
INSERT INTO objectives (id, title, description, project_id, parent_id, status) VALUES ('obj-hr-train', 'Technical Workforce Readiness', 'Technicians and engineers must possess current expertise in smart HVAC systems, diagnostic tools, and emerging technologies to deliver exceptional service', 'd4e5f6', 'obj-hr', 'active');
INSERT INTO objectives (id, title, description, project_id, parent_id, status) VALUES ('obj-hr-retain', 'Engaged and Committed Workforce', 'Employees must feel valued, see clear career paths, and receive competitive compensation that reflects their contribution to customer success', 'd4e5f6', 'obj-hr', 'active');
INSERT INTO objectives (id, title, description, project_id, parent_id, status) VALUES ('obj-hr-recruit', 'Talent Acquisition Pipeline', 'The organization must attract qualified candidates with the right skills and cultural fit to support growth and replace attrition', 'd4e5f6', 'obj-hr', 'active');
INSERT INTO objectives (id, title, description, project_id, parent_id, status) VALUES ('obj-hr-safety', 'Workplace Safety Culture', 'Employees must work in environments that prioritize safety, with training and protocols that prevent incidents and protect well-being', 'd4e5f6', 'obj-hr', 'active');
INSERT INTO objectives (id, title, description, project_id, parent_id, status) VALUES ('obj-hr-knowledge', 'Institutional Knowledge Preservation', 'Critical expertise and tribal knowledge must be documented and transferred to ensure continuity as employees transition', 'd4e5f6', 'obj-hr', 'active');
INSERT INTO objectives (id, title, description, project_id, parent_id, status) VALUES ('obj-fin-margin', 'Sustainable Service Profitability', 'Service operations must generate margins that support continued investment in people, technology, and capabilities while delivering exceptional customer value', 'd4e5f6', 'obj-fin', 'active');
INSERT INTO objectives (id, title, description, project_id, parent_id, status) VALUES ('obj-fin-recurring', 'Predictable Revenue Streams', 'The business model must emphasize subscription and maintenance contracts that provide stable, recurring revenue and strengthen long-term customer relationships', 'd4e5f6', 'obj-fin', 'active');
INSERT INTO objectives (id, title, description, project_id, parent_id, status) VALUES ('obj-fin-cashflow', 'Healthy Cash Flow Management', 'Receivables, payables, and working capital must be managed to ensure liquidity and enable investment in growth opportunities', 'd4e5f6', 'obj-fin', 'active');
INSERT INTO objectives (id, title, description, project_id, parent_id, status) VALUES ('obj-fin-visibility', 'Financial Visibility and Forecasting', 'Leadership must have real-time visibility into financial performance and accurate forecasts to make informed strategic decisions', 'd4e5f6', 'obj-fin', 'active');
INSERT INTO objectives (id, title, description, project_id, parent_id, status) VALUES ('obj-calendar-core', 'Calendar Event Management', 'Users must be able to create, view, edit, and delete calendar events with support for various event types and scheduling flexibility', 'd4e5f6', 'obj-rubigo-events', 'planned');
INSERT INTO objectives (id, title, description, project_id, parent_id, status) VALUES ('obj-calendar-recurrence', 'Recurring Event Support', 'Users must be able to schedule recurring events with various frequencies and manage individual instances without affecting the entire series', 'd4e5f6', 'obj-rubigo-events', 'planned');
INSERT INTO objectives (id, title, description, project_id, parent_id, status) VALUES ('obj-calendar-views', 'Calendar Visualization', 'Users must be able to view their schedule in multiple formats (month, week, day) to effectively plan and manage their time', 'd4e5f6', 'obj-rubigo-events', 'planned');
INSERT INTO objectives (id, title, description, project_id, parent_id, status) VALUES ('obj-collaboration-future', 'Future Collaboration Tools', 'The platform will provide integrated email, chat, and screen sharing capabilities to enable seamless team collaboration', 'd4e5f6', 'obj-it-business-systems', 'planned');
INSERT INTO objectives (id, title, description, project_id, parent_id, status) VALUES ('obj-email-core', 'Internal Email Communications', 'Users must be able to send and receive internal messages to colleagues in the personnel directory, as well as external contacts via custom email addresses, with a familiar email-like experience', 'd4e5f6', 'obj-collaboration-future', 'in_progress');
INSERT INTO objectives (id, title, description, project_id, parent_id, status) VALUES ('obj-email-organization', 'Email Organization', 'Users must be able to organize their messages with folders (Inbox, Sent, Drafts, Trash) and search to efficiently manage their communications', 'd4e5f6', 'obj-collaboration-future', 'in_progress');
INSERT INTO objectives (id, title, description, project_id, parent_id, status) VALUES ('obj-email-threading', 'Email Conversation Threading', 'Users must be able to view and participate in conversation threads to maintain context across multiple email exchanges', 'd4e5f6', 'obj-collaboration-future', 'in_progress');
INSERT INTO objectives (id, title, description, project_id, parent_id, status) VALUES ('obj-chat-core', 'Real-time Team Messaging', 'Users must be able to have real-time conversations with colleagues through direct messages and group channels', 'd4e5f6', 'obj-collaboration-future', 'planned');
INSERT INTO objectives (id, title, description, project_id, parent_id, status) VALUES ('obj-chat-engagement', 'Chat Engagement Features', 'Users must be able to engage with messages through reactions, replies, and rich formatting to enable expressive communication', 'd4e5f6', 'obj-collaboration-future', 'planned');
INSERT INTO objectives (id, title, description, project_id, parent_id, status) VALUES ('obj-screenshare-core', 'Screen Sharing Capability', 'Users must be able to share their screen with colleagues for remote collaboration and presentations', 'd4e5f6', 'obj-collaboration-future', 'planned');
INSERT INTO objectives (id, title, description, project_id, parent_id, status) VALUES ('obj-rubigo-access', 'Attribute-Based Access Control', 'The platform must enforce fine-grained access control where data visibility is determined by subject attributes (clearance, tenants, roles) evaluated against object attributes (sensitivity, tenants, required roles)', 'd4e5f6', 'obj-it-security', 'active');
INSERT INTO objectives (id, title, description, project_id, parent_id, status) VALUES ('obj-rubigo-sensitivity', 'Sensitivity Classification', 'All platform data must be classified by sensitivity level (public, low, moderate, high), and users must have appropriate clearance to access data at each level', 'd4e5f6', 'obj-rubigo-access', 'active');
INSERT INTO objectives (id, title, description, project_id, parent_id, status) VALUES ('obj-rubigo-tenants', 'Tenant Compartmentalization', 'Sensitive programs or compartments (represented by fruit emojis) can be assigned to data, and users must have specific tenant access at the appropriate sensitivity level', 'd4e5f6', 'obj-rubigo-access', 'active');
INSERT INTO objectives (id, title, description, project_id, parent_id, status) VALUES ('obj-rubigo-roles', 'Role-Based Access Constraints', 'Data can require specific roles for access, and users must possess all required roles to view or modify that data', 'd4e5f6', 'obj-rubigo-access', 'active');
INSERT INTO objectives (id, title, description, project_id, parent_id, status) VALUES ('obj-rubigo-audit', 'Comprehensive Access Audit', 'All data access operations (create, read, update, delete) must be logged with subject, object, action, and outcome for security auditing', 'd4e5f6', 'obj-rubigo-access', 'active');
INSERT INTO objectives (id, title, description, project_id, parent_id, status) VALUES ('obj-rubigo-classification', 'Classification Guidance', 'The platform must provide classification guides that help users understand how to correctly classify data by sensitivity, tenant, and role requirements', 'd4e5f6', 'obj-rubigo-access', 'active');
INSERT INTO objectives (id, title, description, project_id, parent_id, status) VALUES ('obj-rubigo-integration', 'Platform Integration and Extensibility', 'Rubigo must provide programmatic access to its data and functionality, enabling integration with external tools, automation systems, and AI agents', 'd4e5f6', 'obj-it-business-systems', 'active');

-- Total objectives: 60

-- FEATURES (from all TOML files)
DELETE FROM features;

INSERT INTO features (id, name, description, objective_id, status) VALUES ('f01a23', 'Real-time Technician Tracking', 'GPS-enabled tracking of field technicians for optimal dispatch', '101a2b', 'in_progress');
INSERT INTO features (id, name, description, objective_id, status) VALUES ('f02b34', 'Predictive Parts Inventory', 'ML-based prediction of required parts for common equipment issues', '202b3c', 'planned');
INSERT INTO features (id, name, description, objective_id, status) VALUES ('f03c45', 'Customer Portal', 'Self-service portal for service requests, status tracking, and feedback', '303c4d', 'in_progress');
INSERT INTO features (id, name, description, objective_id, status) VALUES ('feat-personnel-crud', 'Personnel CRUD Operations', 'Create, read, update, delete capabilities for personnel records', 'obj-rubigo-personnel', 'in_progress');
INSERT INTO features (id, name, description, objective_id, status) VALUES ('feat-solution-mgmt', 'Solution Management', 'Users can view, create, and manage Solutions (Products/Services) in the solution catalog', 'obj-root', 'active');
INSERT INTO features (id, name, description, objective_id, status) VALUES ('feat-project-mgmt', 'Project Management', 'Users can create and manage Projects linked to Solutions, tracking strategic initiatives', 'obj-root', 'active');
INSERT INTO features (id, name, description, objective_id, status) VALUES ('feat-objective-mgmt', 'Objective Management', 'Users can define hierarchical Objectives for Projects, including parent-child relationships', 'obj-root', 'active');
INSERT INTO features (id, name, description, objective_id, status) VALUES ('feat-initiative-mgmt', 'Initiative Management', 'Users can create Initiatives linked to KPIs, tracking tactical execution', 'obj-root', 'active');
INSERT INTO features (id, name, description, objective_id, status) VALUES ('feat-activity-mgmt', 'Activity Management', 'Users can manage Activities, Roles, Assignments, and Allocations for resource planning', 'obj-root', 'active');
INSERT INTO features (id, name, description, objective_id, status) VALUES ('feat-metrics-kpis', 'Metrics and KPIs', 'Users can define Metrics and KPIs to measure Objective achievement', 'obj-root', 'active');
INSERT INTO features (id, name, description, objective_id, status) VALUES ('feat-calendar-crud', 'Calendar Event CRUD', 'Create, read, update, delete calendar events with full event details', 'obj-calendar-core', 'planned');
INSERT INTO features (id, name, description, objective_id, status) VALUES ('feat-calendar-recurrence', 'Recurring Event Management', 'Support for daily, weekly, monthly, yearly recurrence with instance deviations', 'obj-calendar-recurrence', 'planned');
INSERT INTO features (id, name, description, objective_id, status) VALUES ('feat-calendar-views', 'Calendar View Modes', 'Month view grid, week view, and day view with time slots', 'obj-calendar-views', 'planned');
INSERT INTO features (id, name, description, objective_id, status) VALUES ('feat-calendar-navigation', 'Calendar Navigation', 'Navigate between months/weeks, jump to today, work week toggle', 'obj-calendar-views', 'planned');
INSERT INTO features (id, name, description, objective_id, status) VALUES ('feat-calendar-participants', 'Event Participants', 'Assign organizers and participants to events', 'obj-calendar-core', 'planned');
INSERT INTO features (id, name, description, objective_id, status) VALUES ('feat-calendar-timezone', 'Event Timezone Management', 'Select event timezone and display local time conversion when event timezone differs from user''s local timezone', 'obj-calendar-core', 'planned');
INSERT INTO features (id, name, description, objective_id, status) VALUES ('feat-calendar-day-view', 'Day View Mode', 'Single day view with hourly time slots for detailed daily schedule', 'obj-calendar-views', 'planned');
INSERT INTO features (id, name, description, objective_id, status) VALUES ('feat-calendar-all-day', 'All Day Events', 'Mark events as all-day to display without specific times', 'obj-calendar-core', 'planned');
INSERT INTO features (id, name, description, objective_id, status) VALUES ('feat-calendar-overlap', 'Overlapping Event Display', 'Display overlapping events side-by-side in day and week views with proper lane assignment', 'obj-calendar-views', 'in_progress');
INSERT INTO features (id, name, description, objective_id, status) VALUES ('feat-calendar-current-time', 'Current Time Indicator', 'Display a real-time indicator showing the current time in Day view, automatically updating without page refresh', 'obj-calendar-views', 'in_progress');
INSERT INTO features (id, name, description, objective_id, status) VALUES ('feat-email-compose', 'Email Composition', 'Compose and send messages to personnel or custom email addresses with plain text body', 'obj-email-core', 'in_progress');
INSERT INTO features (id, name, description, objective_id, status) VALUES ('feat-email-recipients', 'Recipient Selection', 'Select recipients from personnel directory or enter custom email addresses', 'obj-email-core', 'in_progress');
INSERT INTO features (id, name, description, objective_id, status) VALUES ('feat-email-inbox', 'Email Inbox', 'View received messages with sender, subject, preview, and timestamp', 'obj-email-core', 'in_progress');
INSERT INTO features (id, name, description, objective_id, status) VALUES ('feat-email-reading', 'Email Reading', 'View full email content with sender info, timestamp, and message body', 'obj-email-core', 'in_progress');
INSERT INTO features (id, name, description, objective_id, status) VALUES ('feat-email-thread', 'Email Threading', 'View and reply to message threads/conversations with full context', 'obj-email-threading', 'in_progress');
INSERT INTO features (id, name, description, objective_id, status) VALUES ('feat-email-folders', 'Email Folders', 'Organize messages in Inbox, Sent, Drafts, and Trash folders', 'obj-email-organization', 'in_progress');
INSERT INTO features (id, name, description, objective_id, status) VALUES ('feat-email-search', 'Email Search', 'Search messages by sender, subject, and content', 'obj-email-organization', 'in_progress');
INSERT INTO features (id, name, description, objective_id, status) VALUES ('feat-chat-dm', 'Direct Messages', 'One-on-one messaging between users', 'obj-chat-core', 'planned');
INSERT INTO features (id, name, description, objective_id, status) VALUES ('feat-chat-channels', 'Chat Channels', 'Group conversations organized by topic or team', 'obj-chat-core', 'planned');
INSERT INTO features (id, name, description, objective_id, status) VALUES ('feat-chat-messages', 'Message Composition', 'Send messages with text, emoji, and formatting', 'obj-chat-core', 'planned');
INSERT INTO features (id, name, description, objective_id, status) VALUES ('feat-chat-reactions', 'Message Reactions', 'React to messages with emoji', 'obj-chat-engagement', 'planned');
INSERT INTO features (id, name, description, objective_id, status) VALUES ('feat-chat-threads', 'Threaded Replies', 'Reply to specific messages in a thread', 'obj-chat-engagement', 'planned');
INSERT INTO features (id, name, description, objective_id, status) VALUES ('feat-chat-presence', 'User Presence', 'See online/offline status of colleagues', 'obj-chat-core', 'planned');
INSERT INTO features (id, name, description, objective_id, status) VALUES ('feat-screenshare-start', 'Screen Share Session', 'Start and stop screen sharing with selected participants', 'obj-screenshare-core', 'planned');
INSERT INTO features (id, name, description, objective_id, status) VALUES ('feat-screenshare-view', 'Screen Share Viewer', 'View shared screens from other users', 'obj-screenshare-core', 'planned');
INSERT INTO features (id, name, description, objective_id, status) VALUES ('feat-screenshare-chat', 'Screen Share from Chat', 'Initiate screen sharing directly from a chat conversation', 'obj-screenshare-core', 'planned');
INSERT INTO features (id, name, description, objective_id, status) VALUES ('feat-aco-schema', 'Access Control Object Schema', 'Every data table has an ACO (indexed JSON) and SCO (metadata JSON) column for access control', 'obj-rubigo-access', 'planned');
INSERT INTO features (id, name, description, objective_id, status) VALUES ('feat-sensitivity-levels', 'Sensitivity Level Enforcement', 'Users can only access data with sensitivity at or below their clearance level', 'obj-rubigo-sensitivity', 'planned');
INSERT INTO features (id, name, description, objective_id, status) VALUES ('feat-tenant-access', 'Tenant Compartment Enforcement', 'Users can only access data in tenants they have been granted access to at the appropriate level', 'obj-rubigo-tenants', 'planned');
INSERT INTO features (id, name, description, objective_id, status) VALUES ('feat-role-requirements', 'Role Requirement Enforcement', 'Users must have all required roles to access data that specifies role requirements', 'obj-rubigo-roles', 'planned');
INSERT INTO features (id, name, description, objective_id, status) VALUES ('feat-access-logging', 'Access Logging', 'All data access operations are logged with full context for audit purposes', 'obj-rubigo-audit', 'planned');
INSERT INTO features (id, name, description, objective_id, status) VALUES ('feat-classification-guides', 'Classification Guide Management', 'Administrators can create and manage classification guides that provide English-level descriptions of how to classify data', 'obj-rubigo-classification', 'planned');
INSERT INTO features (id, name, description, objective_id, status) VALUES ('feat-aco-modification', 'ACO Modification', 'Users can modify the access control settings of records they can access, within their clearance limits', 'obj-rubigo-access', 'planned');
INSERT INTO features (id, name, description, objective_id, status) VALUES ('feat-mcp-server', 'MCP Server Integration', 'Model Context Protocol server that exposes Rubigo data entities as resources and provides tools for CRUD operations, enabling AI agents and LLM-based tools to interact with the platform', 'obj-rubigo-integration', 'planned');

-- Total features: 44

-- RULES (from all TOML files)
DELETE FROM rules;

INSERT INTO rules (id, feature_id, role, requirement, reason, status) VALUES ('rule-001', 'f01a23', 'Dispatch Coordinator', 'see real-time technician locations on a map', 'assign the nearest available technician to emergency calls', 'active');
INSERT INTO rules (id, feature_id, role, requirement, reason, status) VALUES ('rule-002', 'f01a23', 'Field Technician', 'receive optimal route guidance to my next job', 'minimize travel time and arrive faster', 'active');
INSERT INTO rules (id, feature_id, role, requirement, reason, status) VALUES ('rule-003', 'f02b34', 'Service Manager', 'see predicted parts needs for scheduled service visits', 'ensure technicians have required parts before dispatch', 'draft');
INSERT INTO rules (id, feature_id, role, requirement, reason, status) VALUES ('rule-004', 'f03c45', 'Customer', 'view the status of my service request online', 'know when to expect the technician without calling', 'active');
INSERT INTO rules (id, feature_id, role, requirement, reason, status) VALUES ('rule-005', 'f03c45', 'Customer', 'submit a new service request through the portal', 'request service outside of business hours', 'active');
INSERT INTO rules (id, feature_id, role, requirement, reason, status) VALUES ('rule-personnel-view', 'feat-personnel-crud', 'Platform User', 'browse and search the personnel directory', 'find contact information and organizational relationships', 'active');
INSERT INTO rules (id, feature_id, role, requirement, reason, status) VALUES ('rule-personnel-create', 'feat-personnel-crud', 'Platform Administrator', 'add new personnel records to the directory', 'onboard new employees and keep the directory current', 'active');
INSERT INTO rules (id, feature_id, role, requirement, reason, status) VALUES ('rule-personnel-edit', 'feat-personnel-crud', 'Platform Administrator', 'modify existing personnel records', 'update role changes, contact information, and organizational assignments', 'active');
INSERT INTO rules (id, feature_id, role, requirement, reason, status) VALUES ('rule-personnel-delete', 'feat-personnel-crud', 'Platform Administrator', 'remove personnel records from the directory', 'maintain accuracy when employees leave the organization', 'active');
INSERT INTO rules (id, feature_id, role, requirement, reason, status) VALUES ('rule-personnel-contact', 'feat-personnel-crud', 'Platform User', 'see phone numbers for personnel', 'reach colleagues by phone for urgent matters', 'draft');
INSERT INTO rules (id, feature_id, role, requirement, reason, status) VALUES ('rule-personnel-location', 'feat-personnel-crud', 'Platform User', 'see where each person is located (site, building, floor, space)', 'find colleagues for in-person meetings', 'draft');
INSERT INTO rules (id, feature_id, role, requirement, reason, status) VALUES ('rule-personnel-hierarchy', 'feat-personnel-crud', 'Platform User', 'see each person''s manager relationship', 'understand organizational reporting structure', 'draft');
INSERT INTO rules (id, feature_id, role, requirement, reason, status) VALUES ('rule-personnel-photo', 'feat-personnel-crud', 'Platform Administrator', 'upload and manage personnel photos', 'help employees identify colleagues by face', 'draft');
INSERT INTO rules (id, feature_id, role, requirement, reason, status) VALUES ('rule-solution-list', 'feat-solution-mgmt', 'Platform User', 'browse the solution catalog showing all products and services', 'understand what offerings are available', 'active');
INSERT INTO rules (id, feature_id, role, requirement, reason, status) VALUES ('rule-solution-crud', 'feat-solution-mgmt', 'Platform Administrator', 'create, edit, and delete solutions in the catalog', 'manage the portfolio of products and services', 'active');
INSERT INTO rules (id, feature_id, role, requirement, reason, status) VALUES ('rule-project-list', 'feat-project-mgmt', 'Platform User', 'browse projects organized by solution', 'understand what initiatives are underway', 'active');
INSERT INTO rules (id, feature_id, role, requirement, reason, status) VALUES ('rule-project-crud', 'feat-project-mgmt', 'Platform Administrator', 'create, edit, and delete projects linked to solutions', 'manage strategic initiatives and their alignment', 'active');
INSERT INTO rules (id, feature_id, role, requirement, reason, status) VALUES ('rule-objective-list', 'feat-objective-mgmt', 'Platform User', 'browse objectives for a project in hierarchical view', 'understand the strategic goals and their breakdown', 'active');
INSERT INTO rules (id, feature_id, role, requirement, reason, status) VALUES ('rule-objective-crud', 'feat-objective-mgmt', 'Platform Administrator', 'create, edit, and delete objectives with parent-child relationships', 'define and maintain the strategic objective hierarchy', 'active');
INSERT INTO rules (id, feature_id, role, requirement, reason, status) VALUES ('rule-initiative-list', 'feat-initiative-mgmt', 'Platform User', 'browse initiatives with their linked KPIs', 'understand tactical efforts and how they''re measured', 'active');
INSERT INTO rules (id, feature_id, role, requirement, reason, status) VALUES ('rule-initiative-crud', 'feat-initiative-mgmt', 'Platform Administrator', 'create, edit, and delete initiatives linked to KPIs', 'manage tactical execution and performance tracking', 'active');
INSERT INTO rules (id, feature_id, role, requirement, reason, status) VALUES ('rule-activity-list', 'feat-activity-mgmt', 'Platform User', 'browse activities with capacity and allocation information', 'understand workload and resource assignments', 'active');
INSERT INTO rules (id, feature_id, role, requirement, reason, status) VALUES ('rule-activity-crud', 'feat-activity-mgmt', 'Platform Administrator', 'create, edit, and delete activities under initiatives', 'manage work breakdown and task planning', 'active');
INSERT INTO rules (id, feature_id, role, requirement, reason, status) VALUES ('rule-capacity-viz', 'feat-activity-mgmt', 'Platform User', 'see capacity gap showing FTE required vs FTE allocated', 'identify understaffed activities that need attention', 'active');
INSERT INTO rules (id, feature_id, role, requirement, reason, status) VALUES ('rule-metric-list', 'feat-metrics-kpis', 'Platform User', 'browse defined metrics with their units and current values', 'understand operational measurements being tracked', 'active');
INSERT INTO rules (id, feature_id, role, requirement, reason, status) VALUES ('rule-kpi-list', 'feat-metrics-kpis', 'Platform User', 'browse KPIs with their target metrics and thresholds', 'monitor performance against strategic goals', 'active');
INSERT INTO rules (id, feature_id, role, requirement, reason, status) VALUES ('rule-calendar-list', 'feat-calendar-crud', 'Platform User', 'view all calendar events in a visual calendar format', 'understand my schedule and upcoming commitments', 'draft');
INSERT INTO rules (id, feature_id, role, requirement, reason, status) VALUES ('rule-calendar-create', 'feat-calendar-crud', 'Platform User', 'create a new calendar event with title, date/time, and optional details', 'schedule meetings and appointments', 'draft');
INSERT INTO rules (id, feature_id, role, requirement, reason, status) VALUES ('rule-calendar-view-detail', 'feat-calendar-crud', 'Platform User', 'view full details of a calendar event', 'see location, participants, and description', 'draft');
INSERT INTO rules (id, feature_id, role, requirement, reason, status) VALUES ('rule-calendar-edit', 'feat-calendar-crud', 'Event Organizer', 'modify an existing calendar event', 'update meeting details as plans change', 'draft');
INSERT INTO rules (id, feature_id, role, requirement, reason, status) VALUES ('rule-calendar-delete', 'feat-calendar-crud', 'Event Organizer', 'delete a calendar event', 'remove cancelled meetings from the schedule', 'draft');
INSERT INTO rules (id, feature_id, role, requirement, reason, status) VALUES ('rule-calendar-recurrence-create', 'feat-calendar-recurrence', 'Platform User', 'create recurring events with daily, weekly, monthly, or yearly frequency', 'schedule repetitive meetings without manual entry', 'draft');
INSERT INTO rules (id, feature_id, role, requirement, reason, status) VALUES ('rule-calendar-recurrence-days', 'feat-calendar-recurrence', 'Platform User', 'specify which days of the week for weekly recurring events', 'schedule meetings that occur on specific days like Mon/Wed/Fri', 'draft');
INSERT INTO rules (id, feature_id, role, requirement, reason, status) VALUES ('rule-calendar-instance-cancel', 'feat-calendar-recurrence', 'Event Organizer', 'cancel a single instance of a recurring event', 'skip one occurrence without deleting the entire series', 'draft');
INSERT INTO rules (id, feature_id, role, requirement, reason, status) VALUES ('rule-calendar-instance-modify', 'feat-calendar-recurrence', 'Event Organizer', 'modify a single instance of a recurring event', 'change the time or location for one occurrence', 'draft');
INSERT INTO rules (id, feature_id, role, requirement, reason, status) VALUES ('rule-calendar-recurrence-until', 'feat-calendar-recurrence', 'Platform User', 'set an end date for recurring events', 'limit recurring events to a specific time period', 'draft');
INSERT INTO rules (id, feature_id, role, requirement, reason, status) VALUES ('rule-calendar-instance-move', 'feat-calendar-recurrence', 'Event Organizer', 'move a single instance of a recurring event to a different date', 'reschedule one occurrence without affecting the rest of the series', 'draft');
INSERT INTO rules (id, feature_id, role, requirement, reason, status) VALUES ('rule-calendar-series-edit', 'feat-calendar-recurrence', 'Event Organizer', 'edit all instances of a recurring event series at once', 'update recurring event details without modifying each instance separately', 'draft');
INSERT INTO rules (id, feature_id, role, requirement, reason, status) VALUES ('rule-calendar-recurring-delete-choice', 'feat-calendar-recurrence', 'Event Organizer', 'be presented with options to delete just this occurrence or all occurrences when deleting a recurring event', 'avoid accidentally deleting an entire series when intending to skip one meeting', 'draft');
INSERT INTO rules (id, feature_id, role, requirement, reason, status) VALUES ('rule-calendar-recurring-edit-choice', 'feat-calendar-recurrence', 'Event Organizer', 'be presented with options to edit just this occurrence or all occurrences when editing a recurring event', 'clearly distinguish between modifying one instance vs changing the entire series', 'draft');
INSERT INTO rules (id, feature_id, role, requirement, reason, status) VALUES ('rule-calendar-month-view', 'feat-calendar-views', 'Platform User', 'view the calendar in month grid format showing all events as pills', 'see an overview of the entire month', 'draft');
INSERT INTO rules (id, feature_id, role, requirement, reason, status) VALUES ('rule-calendar-week-view', 'feat-calendar-views', 'Platform User', 'view the calendar in week format with time slots', 'see detailed daily schedule with time positioning', 'draft');
INSERT INTO rules (id, feature_id, role, requirement, reason, status) VALUES ('rule-calendar-workweek', 'feat-calendar-views', 'Platform User', 'toggle between full week and work week (Mon-Fri) display', 'focus on business days without weekend clutter', 'draft');
INSERT INTO rules (id, feature_id, role, requirement, reason, status) VALUES ('rule-calendar-day-view', 'feat-calendar-day-view', 'Platform User', 'view the calendar in single day format with hourly time slots', 'focus on one day''s detailed schedule', 'draft');
INSERT INTO rules (id, feature_id, role, requirement, reason, status) VALUES ('rule-calendar-day-nav', 'feat-calendar-day-view', 'Platform User', 'navigate forward and backward through individual days', 'view past and future daily schedules', 'draft');
INSERT INTO rules (id, feature_id, role, requirement, reason, status) VALUES ('rule-calendar-all-day-toggle', 'feat-calendar-all-day', 'Platform User', 'toggle an event as ''All Day'' when creating or editing', 'schedule events that span the entire day without specific times', 'draft');
INSERT INTO rules (id, feature_id, role, requirement, reason, status) VALUES ('rule-calendar-all-day-display', 'feat-calendar-all-day', 'Platform User', 'see all-day events displayed without time information', 'quickly identify full-day events vs timed events', 'draft');
INSERT INTO rules (id, feature_id, role, requirement, reason, status) VALUES ('rule-calendar-all-day-form', 'feat-calendar-all-day', 'Platform User', 'have time fields hidden when creating an all-day event', 'simplify the form when times are not relevant', 'draft');
INSERT INTO rules (id, feature_id, role, requirement, reason, status) VALUES ('rule-calendar-instance-no-recurrence', 'feat-calendar-recurrence', 'Event Organizer', 'not see recurrence options when editing a single instance', 'avoid confusion by only allowing recurrence changes when editing all occurrences', 'draft');
INSERT INTO rules (id, feature_id, role, requirement, reason, status) VALUES ('rule-calendar-overlap-side-by-side', 'feat-calendar-overlap', 'Platform User', 'see overlapping events displayed side-by-side in day and week views', 'quickly identify scheduling conflicts and compare overlapping commitments', 'active');
INSERT INTO rules (id, feature_id, role, requirement, reason, status) VALUES ('rule-calendar-overlap-duration-height', 'feat-calendar-overlap', 'Platform User', 'see event height proportional to duration in day and week views', 'visually understand how much time each event occupies', 'active');
INSERT INTO rules (id, feature_id, role, requirement, reason, status) VALUES ('rule-calendar-overlap-lanes', 'feat-calendar-overlap', 'Platform User', 'see overlapping events split into equal-width columns (lanes)', 'make the most efficient use of horizontal space for conflicting events', 'active');
INSERT INTO rules (id, feature_id, role, requirement, reason, status) VALUES ('rule-calendar-time-indicator-visible', 'feat-calendar-current-time', 'Platform User', 'see a colored bar indicating the current time when viewing today in Day view', 'quickly understand where I am in the day relative to my scheduled events', 'active');
INSERT INTO rules (id, feature_id, role, requirement, reason, status) VALUES ('rule-calendar-time-indicator-realtime', 'feat-calendar-current-time', 'Platform User', 'see the time indicator update automatically without refreshing the page', 'always have an accurate view of the current time without manual action', 'active');
INSERT INTO rules (id, feature_id, role, requirement, reason, status) VALUES ('rule-calendar-time-indicator-today-only', 'feat-calendar-current-time', 'Platform User', 'only see the time indicator when viewing today''s date', 'avoid confusion when viewing past or future days', 'active');
INSERT INTO rules (id, feature_id, role, requirement, reason, status) VALUES ('rule-calendar-navigate', 'feat-calendar-navigation', 'Platform User', 'navigate forward and backward through months or weeks', 'view past and future schedules', 'draft');
INSERT INTO rules (id, feature_id, role, requirement, reason, status) VALUES ('rule-calendar-today', 'feat-calendar-navigation', 'Platform User', 'jump directly to today''s date', 'quickly return to current schedule after browsing', 'draft');
INSERT INTO rules (id, feature_id, role, requirement, reason, status) VALUES ('rule-calendar-add-participants', 'feat-calendar-participants', 'Event Organizer', 'add personnel as participants to an event', 'invite colleagues to meetings', 'draft');
INSERT INTO rules (id, feature_id, role, requirement, reason, status) VALUES ('rule-calendar-timezone-select', 'feat-calendar-timezone', 'Platform User', 'select a timezone for a calendar event when creating or editing', 'schedule events in the appropriate timezone regardless of current location', 'draft');
INSERT INTO rules (id, feature_id, role, requirement, reason, status) VALUES ('rule-calendar-timezone-local-preview', 'feat-calendar-timezone', 'Platform User', 'see a local time preview when the event timezone differs from my local timezone', 'understand when the event will occur in my local time without manual conversion', 'draft');
INSERT INTO rules (id, feature_id, role, requirement, reason, status) VALUES ('rule-calendar-timezone-details', 'feat-calendar-timezone', 'Platform User', 'see both event timezone time and my local time in the event details panel when timezones differ', 'quickly understand event timing in both the organizer''s and my own timezone', 'draft');
INSERT INTO rules (id, feature_id, role, requirement, reason, status) VALUES ('rule-email-compose', 'feat-email-compose', 'Platform User', 'compose a new email with recipients, subject, and body', 'communicate with colleagues and contacts', 'draft');
INSERT INTO rules (id, feature_id, role, requirement, reason, status) VALUES ('rule-email-recipient-personnel', 'feat-email-recipients', 'Platform User', 'search and select recipients from the personnel directory using type-ahead search', 'easily find and address colleagues without remembering email addresses', 'draft');
INSERT INTO rules (id, feature_id, role, requirement, reason, status) VALUES ('rule-email-recipient-custom', 'feat-email-recipients', 'Platform User', 'enter a custom email address as a recipient', 'contact external parties or addresses not in the directory', 'draft');
INSERT INTO rules (id, feature_id, role, requirement, reason, status) VALUES ('rule-email-recipient-multiple', 'feat-email-recipients', 'Platform User', 'add multiple recipients (To, CC, BCC) to a single email', 'send the same message to multiple people', 'draft');
INSERT INTO rules (id, feature_id, role, requirement, reason, status) VALUES ('rule-email-send', 'feat-email-compose', 'Platform User', 'send the composed email to all selected recipients', 'deliver my message', 'draft');
INSERT INTO rules (id, feature_id, role, requirement, reason, status) VALUES ('rule-email-drafts-save', 'feat-email-folders', 'Platform User', 'save an email as a draft to finish later', 'continue composing when I have more time', 'draft');
INSERT INTO rules (id, feature_id, role, requirement, reason, status) VALUES ('rule-email-drafts-edit', 'feat-email-folders', 'Platform User', 'open and continue editing a saved draft', 'complete and send a message I started earlier', 'draft');
INSERT INTO rules (id, feature_id, role, requirement, reason, status) VALUES ('rule-email-inbox-view', 'feat-email-inbox', 'Platform User', 'view my inbox with unread indicators, sender names, subjects, preview text, and timestamps', 'quickly scan new messages and prioritize what to read', 'draft');
INSERT INTO rules (id, feature_id, role, requirement, reason, status) VALUES ('rule-email-unread-count', 'feat-email-inbox', 'Platform User', 'see the count of unread messages in my inbox', 'know how many new messages await my attention', 'draft');
INSERT INTO rules (id, feature_id, role, requirement, reason, status) VALUES ('rule-email-read', 'feat-email-reading', 'Platform User', 'open and read a full email message with sender, date, recipients, and body', 'understand the complete communication', 'draft');
INSERT INTO rules (id, feature_id, role, requirement, reason, status) VALUES ('rule-email-mark-read', 'feat-email-reading', 'Platform User', 'have emails marked as read when I open them', 'track which messages I have already reviewed', 'draft');
INSERT INTO rules (id, feature_id, role, requirement, reason, status) VALUES ('rule-email-reply', 'feat-email-thread', 'Platform User', 'reply to an email maintaining the conversation thread', 'continue the discussion in context', 'draft');
INSERT INTO rules (id, feature_id, role, requirement, reason, status) VALUES ('rule-email-reply-all', 'feat-email-thread', 'Platform User', 'reply to all recipients of an email', 'keep everyone in the conversation informed', 'draft');
INSERT INTO rules (id, feature_id, role, requirement, reason, status) VALUES ('rule-email-forward', 'feat-email-thread', 'Platform User', 'forward an email to other recipients with original content preserved', 'share relevant information with others who were not on the original message', 'draft');
INSERT INTO rules (id, feature_id, role, requirement, reason, status) VALUES ('rule-email-thread-view', 'feat-email-thread', 'Platform User', 'view all messages in a conversation thread together in chronological order', 'see the full context of a discussion', 'draft');
INSERT INTO rules (id, feature_id, role, requirement, reason, status) VALUES ('rule-email-folder-nav', 'feat-email-folders', 'Platform User', 'navigate between Inbox, Sent, Drafts, and Trash folders', 'access different categories of messages', 'draft');
INSERT INTO rules (id, feature_id, role, requirement, reason, status) VALUES ('rule-email-sent-view', 'feat-email-folders', 'Platform User', 'view emails I have sent in the Sent folder', 'reference past communications I initiated', 'draft');
INSERT INTO rules (id, feature_id, role, requirement, reason, status) VALUES ('rule-email-delete', 'feat-email-folders', 'Platform User', 'move messages to trash', 'remove unwanted messages from my inbox', 'draft');
INSERT INTO rules (id, feature_id, role, requirement, reason, status) VALUES ('rule-email-trash-view', 'feat-email-folders', 'Platform User', 'view and recover deleted messages from Trash', 'retrieve accidentally deleted emails', 'draft');
INSERT INTO rules (id, feature_id, role, requirement, reason, status) VALUES ('rule-email-search', 'feat-email-search', 'Platform User', 'search emails by keyword matching sender name, subject, or body content', 'find specific messages quickly', 'draft');
INSERT INTO rules (id, feature_id, role, requirement, reason, status) VALUES ('rule-chat-dm-start', 'feat-chat-dm', 'Platform User', 'start a direct message conversation with a colleague', 'have a private one-on-one discussion', 'draft');
INSERT INTO rules (id, feature_id, role, requirement, reason, status) VALUES ('rule-chat-channel-create', 'feat-chat-channels', 'Platform User', 'create a new channel with a name and optional description', 'organize team conversations by topic', 'draft');
INSERT INTO rules (id, feature_id, role, requirement, reason, status) VALUES ('rule-chat-channel-join', 'feat-chat-channels', 'Platform User', 'browse and join available channels', 'participate in relevant team discussions', 'draft');
INSERT INTO rules (id, feature_id, role, requirement, reason, status) VALUES ('rule-chat-send', 'feat-chat-messages', 'Platform User', 'send a message to a DM or channel', 'communicate with colleagues in real-time', 'draft');
INSERT INTO rules (id, feature_id, role, requirement, reason, status) VALUES ('rule-chat-emoji', 'feat-chat-messages', 'Platform User', 'insert emoji into messages', 'express emotions and add personality', 'draft');
INSERT INTO rules (id, feature_id, role, requirement, reason, status) VALUES ('rule-chat-react', 'feat-chat-reactions', 'Platform User', 'add an emoji reaction to any message', 'acknowledge or respond without typing a full message', 'draft');
INSERT INTO rules (id, feature_id, role, requirement, reason, status) VALUES ('rule-chat-thread-reply', 'feat-chat-threads', 'Platform User', 'reply to a specific message starting a thread', 'have focused discussions without cluttering the main channel', 'draft');
INSERT INTO rules (id, feature_id, role, requirement, reason, status) VALUES ('rule-chat-presence', 'feat-chat-presence', 'Platform User', 'see which colleagues are currently online', 'know if someone is available for a conversation', 'draft');
INSERT INTO rules (id, feature_id, role, requirement, reason, status) VALUES ('rule-screenshare-start', 'feat-screenshare-start', 'Platform User', 'start sharing my screen with one or more colleagues', 'demonstrate something or collaborate visually', 'draft');
INSERT INTO rules (id, feature_id, role, requirement, reason, status) VALUES ('rule-screenshare-select', 'feat-screenshare-start', 'Platform User', 'choose to share my entire screen or a specific window', 'control what others can see', 'draft');
INSERT INTO rules (id, feature_id, role, requirement, reason, status) VALUES ('rule-screenshare-stop', 'feat-screenshare-start', 'Platform User', 'stop sharing my screen at any time', 'end the session when done', 'draft');
INSERT INTO rules (id, feature_id, role, requirement, reason, status) VALUES ('rule-screenshare-view', 'feat-screenshare-view', 'Platform User', 'view when a colleague is sharing their screen', 'follow along with their demonstration', 'draft');
INSERT INTO rules (id, feature_id, role, requirement, reason, status) VALUES ('rule-screenshare-from-chat', 'feat-screenshare-chat', 'Platform User', 'click a Share Screen button in an active chat', 'quickly share my screen during a conversation', 'draft');
INSERT INTO rules (id, feature_id, role, requirement, reason, status) VALUES ('rule-aco-default', 'feat-aco-schema', 'Platform System', 'assign a default ACO to every new record', 'ensure no data is created without access control', 'draft');
INSERT INTO rules (id, feature_id, role, requirement, reason, status) VALUES ('rule-aco-explicit', 'feat-aco-schema', 'Platform System', 'store each object''s ACO explicitly (no inheritance)', 'ensure access control is unambiguous and auditable', 'draft');
INSERT INTO rules (id, feature_id, role, requirement, reason, status) VALUES ('rule-sensitivity-view', 'feat-sensitivity-levels', 'Platform User', 'only see records with sensitivity at or below my clearance level', 'prevent unauthorized access to sensitive information', 'draft');
INSERT INTO rules (id, feature_id, role, requirement, reason, status) VALUES ('rule-sensitivity-create', 'feat-sensitivity-levels', 'Platform User', 'create records with sensitivity at or below my clearance level', 'prevent escalation of data sensitivity beyond my authorization', 'draft');
INSERT INTO rules (id, feature_id, role, requirement, reason, status) VALUES ('rule-sensitivity-indicator', 'feat-sensitivity-levels', 'Platform User', 'see a visual indicator of each record''s sensitivity level', 'understand the classification of data I''m viewing', 'draft');
INSERT INTO rules (id, feature_id, role, requirement, reason, status) VALUES ('rule-tenant-access', 'feat-tenant-access', 'Platform User', 'only see records in tenants I have access to at the appropriate level', 'maintain compartmentalization of sensitive programs', 'draft');
INSERT INTO rules (id, feature_id, role, requirement, reason, status) VALUES ('rule-tenant-multi', 'feat-tenant-access', 'Platform User', 'access records that require multiple tenants only if I have access to all of them', 'enforce the principle of least privilege across compartments', 'draft');
INSERT INTO rules (id, feature_id, role, requirement, reason, status) VALUES ('rule-tenant-indicator', 'feat-tenant-access', 'Platform User', 'see tenant indicators (fruit emojis) on records that are compartmentalized', 'understand which sensitive programs protect the data', 'draft');
INSERT INTO rules (id, feature_id, role, requirement, reason, status) VALUES ('rule-role-access', 'feat-role-requirements', 'Platform User', 'only see records requiring roles I possess', 'enforce function-based access control', 'draft');
INSERT INTO rules (id, feature_id, role, requirement, reason, status) VALUES ('rule-role-multi', 'feat-role-requirements', 'Platform User', 'access records requiring multiple roles only if I have all specified roles', 'ensure data is only visible to those with complete authorization', 'draft');
INSERT INTO rules (id, feature_id, role, requirement, reason, status) VALUES ('rule-global-admin', 'feat-role-requirements', 'Global Administrator', 'bypass all access control checks', 'administer the platform without restrictions', 'draft');
INSERT INTO rules (id, feature_id, role, requirement, reason, status) VALUES ('rule-log-all-reads', 'feat-access-logging', 'Platform System', 'log every data read operation with subject, object, and timestamp', 'maintain complete audit trail for security review', 'draft');
INSERT INTO rules (id, feature_id, role, requirement, reason, status) VALUES ('rule-log-writes', 'feat-access-logging', 'Platform System', 'log every data write operation with subject, object, changes, and timestamp', 'track all modifications for accountability', 'draft');
INSERT INTO rules (id, feature_id, role, requirement, reason, status) VALUES ('rule-log-denials', 'feat-access-logging', 'Platform System', 'log every access denial with subject, attempted action, and reason', 'detect potential security incidents and policy violations', 'draft');
INSERT INTO rules (id, feature_id, role, requirement, reason, status) VALUES ('rule-guide-create', 'feat-classification-guides', 'Platform Administrator', 'create classification guides with English descriptions for each sensitivity level', 'help users correctly classify data', 'draft');
INSERT INTO rules (id, feature_id, role, requirement, reason, status) VALUES ('rule-guide-reference', 'feat-classification-guides', 'Platform User', 'see which classification guides apply to a record''s classification', 'understand why data is classified at a particular level', 'draft');
INSERT INTO rules (id, feature_id, role, requirement, reason, status) VALUES ('rule-guide-tenant', 'feat-classification-guides', 'Platform Administrator', 'include tenant-specific guidance in classification guides', 'clarify when data should be compartmentalized', 'draft');
INSERT INTO rules (id, feature_id, role, requirement, reason, status) VALUES ('rule-aco-modify-allowed', 'feat-aco-modification', 'Platform User', 'modify the ACO of records I can access to other ACOs I would also be able to access', 'adjust classification as data sensitivity changes', 'draft');
INSERT INTO rules (id, feature_id, role, requirement, reason, status) VALUES ('rule-aco-modify-log', 'feat-aco-modification', 'Platform System', 'log all ACO modifications with before/after values', 'track classification changes for audit', 'draft');
INSERT INTO rules (id, feature_id, role, requirement, reason, status) VALUES ('rule-mcp-resources-read', 'feat-mcp-server', 'Rubigo Developer', 'query Rubigo entities through MCP resources', 'build AI tools that can read and understand Rubigo data', 'draft');
INSERT INTO rules (id, feature_id, role, requirement, reason, status) VALUES ('rule-mcp-tools-crud', 'feat-mcp-server', 'Rubigo Developer', 'invoke CRUD operations through MCP tools', 'enable AI agents to create, update, and delete Rubigo data programmatically', 'draft');
INSERT INTO rules (id, feature_id, role, requirement, reason, status) VALUES ('rule-mcp-transport-sse', 'feat-mcp-server', 'Rubigo Developer', 'connect to the MCP server via HTTP/SSE from remote clients', 'integrate AI tools with the production Rubigo instance at rubigo.kwip.net', 'draft');
INSERT INTO rules (id, feature_id, role, requirement, reason, status) VALUES ('rule-mcp-auth', 'feat-mcp-server', 'Rubigo Developer', 'authenticate MCP connections using API tokens', 'ensure only authorized agents can access Rubigo data', 'draft');
INSERT INTO rules (id, feature_id, role, requirement, reason, status) VALUES ('rule-mcp-schema', 'feat-mcp-server', 'Rubigo Developer', 'discover available resources and tools through MCP protocol introspection', 'enable AI tools to dynamically understand what operations are available', 'draft');

-- Total rules: 118

-- SCENARIOS (from all TOML files)
DELETE FROM scenarios;

INSERT INTO scenarios (id, rule_id, name, narrative, status) VALUES ('scn-001', 'rule-001', 'Emergency dispatch view', 'Given I am a dispatch coordinator viewing the map, when an emergency call is received, then I can see all technicians within a 20-mile radius with their current status and ETA to the customer location', 'active');
INSERT INTO scenarios (id, rule_id, name, narrative, status) VALUES ('scn-002', 'rule-002', 'Automatic route recalculation', 'Given I am a technician en route to a job, when traffic conditions change significantly, then the app automatically recalculates and suggests an optimal alternative route', 'active');
INSERT INTO scenarios (id, rule_id, name, narrative, status) VALUES ('scn-003', 'rule-004', 'Service status tracking', 'Given I am a customer logged into the portal, when I navigate to my active service requests, then I can see the current status, assigned technician name, and estimated arrival window', 'active');
INSERT INTO scenarios (id, rule_id, name, narrative, status) VALUES ('scn-004', 'rule-005', 'After-hours service request', 'Given I am a customer accessing the portal at 10 PM, when I submit a new service request, then I receive a confirmation with a reference number and expected response timeframe', 'active');
INSERT INTO scenarios (id, rule_id, name, narrative, status) VALUES ('scen-personnel-list', 'rule-personnel-view', 'Browse personnel directory', 'Given I am signed in as any user, when I navigate to the Personnel page, then I see a paginated table of personnel records and I can search by name, title, or email and filter by department', 'active');
INSERT INTO scenarios (id, rule_id, name, narrative, status) VALUES ('scen-personnel-detail', 'rule-personnel-view', 'View personnel details', 'Given I am viewing the personnel directory, when I click on a personnel row, then a detail panel opens showing full information', 'active');
INSERT INTO scenarios (id, rule_id, name, narrative, status) VALUES ('scen-personnel-create', 'rule-personnel-create', 'Add new employee', 'Given I am signed in as Global Administrator, when I click the Add Personnel button and fill in required fields (name, email, department) and click Save, then the new personnel record appears in the table', 'active');
INSERT INTO scenarios (id, rule_id, name, narrative, status) VALUES ('scen-personnel-edit', 'rule-personnel-edit', 'Update employee information', 'Given I am signed in as Global Administrator and viewing a personnel detail panel, when I click Edit, modify fields, and Save, then the changes are reflected in the table', 'active');
INSERT INTO scenarios (id, rule_id, name, narrative, status) VALUES ('scen-personnel-delete', 'rule-personnel-delete', 'Remove employee from directory', 'Given I am signed in as Global Administrator and viewing a personnel detail panel, when I click Delete and confirm, then the record no longer appears in the table', 'active');
INSERT INTO scenarios (id, rule_id, name, narrative, status) VALUES ('scen-personnel-contact-view', 'rule-personnel-contact', 'View contact information', 'Given I am viewing a personnel detail panel, when the record has phone numbers, then I see the desk phone and cell phone displayed with clickable tel: links', 'draft');
INSERT INTO scenarios (id, rule_id, name, narrative, status) VALUES ('scen-personnel-contact-edit', 'rule-personnel-contact', 'Edit contact information', 'Given I am editing a personnel record as admin, when I enter desk phone and cell phone numbers, then the contact info is saved and displayed in the detail view', 'draft');
INSERT INTO scenarios (id, rule_id, name, narrative, status) VALUES ('scen-personnel-location-view', 'rule-personnel-location', 'View office location', 'Given I am viewing a personnel detail panel, when the record has location info, then I see site, building, level, and space displayed as a formatted address', 'draft');
INSERT INTO scenarios (id, rule_id, name, narrative, status) VALUES ('scen-personnel-location-edit', 'rule-personnel-location', 'Edit office location', 'Given I am editing a personnel record as admin, when I fill in site, building, level, and space fields, then the location is saved and displayed in the detail view', 'draft');
INSERT INTO scenarios (id, rule_id, name, narrative, status) VALUES ('scen-personnel-manager-view', 'rule-personnel-hierarchy', 'View manager relationship', 'Given I am viewing a personnel detail panel, when the person has a manager assigned, then I see the manager''s name as a clickable link to their profile', 'draft');
INSERT INTO scenarios (id, rule_id, name, narrative, status) VALUES ('scen-personnel-manager-select', 'rule-personnel-hierarchy', 'Assign manager', 'Given I am editing a personnel record as admin, when I use the manager dropdown and search for a name, then I can select from matching personnel and save the relationship', 'draft');
INSERT INTO scenarios (id, rule_id, name, narrative, status) VALUES ('scen-personnel-photo-display', 'rule-personnel-photo', 'Display personnel photo', 'Given I am viewing a personnel detail panel, when the person has a photo uploaded, then I see their photo at the top of the panel; otherwise I see initials', 'draft');
INSERT INTO scenarios (id, rule_id, name, narrative, status) VALUES ('scen-personnel-photo-upload', 'rule-personnel-photo', 'Upload personnel photo', 'Given I am editing a personnel record as admin, when I click the photo upload area and select an image file, then the photo is uploaded and displayed immediately', 'draft');
INSERT INTO scenarios (id, rule_id, name, narrative, status) VALUES ('scen-solution-list', 'rule-solution-list', 'Browse solutions', 'Given I am signed in as any user, when I navigate to the Services page, then I see a list of Solutions with their names, descriptions, and status', 'active');
INSERT INTO scenarios (id, rule_id, name, narrative, status) VALUES ('scen-solution-create', 'rule-solution-crud', 'Create solution', 'Given I am signed in as Global Administrator, when I click New Solution and fill in name and description and click Save, then the solution appears in the list', 'active');
INSERT INTO scenarios (id, rule_id, name, narrative, status) VALUES ('scen-project-list', 'rule-project-list', 'Browse projects', 'Given I am signed in as any user, when I navigate to the Projects page, then I see projects grouped or linked by their solution', 'active');
INSERT INTO scenarios (id, rule_id, name, narrative, status) VALUES ('scen-project-create', 'rule-project-crud', 'Create project', 'Given I am signed in as Global Administrator, when I click New Project, select a solution, fill in name and description, and click Save, then the project appears in the list', 'active');
INSERT INTO scenarios (id, rule_id, name, narrative, status) VALUES ('scen-objective-list', 'rule-objective-list', 'Browse objectives', 'Given I am signed in as any user, when I navigate to the Objectives page, then I see objectives displayed in a hierarchical tree structure', 'active');
INSERT INTO scenarios (id, rule_id, name, narrative, status) VALUES ('scen-objective-create', 'rule-objective-crud', 'Create objective', 'Given I am signed in as Global Administrator, when I click New Objective, fill in title and description, optionally select a parent, and click Save, then the objective appears in the hierarchy', 'active');
INSERT INTO scenarios (id, rule_id, name, narrative, status) VALUES ('scen-initiative-list', 'rule-initiative-list', 'Browse initiatives', 'Given I am signed in as any user, when I navigate to the Initiatives page, then I see a list of initiatives with their linked KPIs and status', 'active');
INSERT INTO scenarios (id, rule_id, name, narrative, status) VALUES ('scen-initiative-create', 'rule-initiative-crud', 'Create initiative', 'Given I am signed in as Global Administrator, when I click New Initiative, fill in name, optionally link a KPI, and click Save, then the initiative appears in the list', 'active');
INSERT INTO scenarios (id, rule_id, name, narrative, status) VALUES ('scen-activity-list', 'rule-activity-list', 'Browse activities', 'Given I am signed in as any user, when I navigate to the Activities page, then I see activities with their initiative, roles, and capacity information', 'active');
INSERT INTO scenarios (id, rule_id, name, narrative, status) VALUES ('scen-activity-capacity', 'rule-capacity-viz', 'View capacity dashboard', 'Given I am on the Activities page, then I see a capacity dashboard showing Capacity Filled percentage and FTE Required vs FTE Allocated', 'active');
INSERT INTO scenarios (id, rule_id, name, narrative, status) VALUES ('scen-activity-create', 'rule-activity-crud', 'Create activity', 'Given I am signed in as Global Administrator, when I click New Activity, select an initiative, fill in name, and click Save, then the activity appears in the list', 'active');
INSERT INTO scenarios (id, rule_id, name, narrative, status) VALUES ('scen-metric-list', 'rule-metric-list', 'Browse metrics', 'Given I am signed in as any user, when I navigate to the Metrics page, then I see a list of metrics with their units and current values', 'active');
INSERT INTO scenarios (id, rule_id, name, narrative, status) VALUES ('scen-kpi-view', 'rule-kpi-list', 'View KPI details', 'Given I am viewing the Metrics page, when a metric has linked KPIs, then I can see the KPI targets and thresholds', 'active');
INSERT INTO scenarios (id, rule_id, name, narrative, status) VALUES ('scen-calendar-month-display', 'rule-calendar-month-view', 'Display month grid', 'Given I am signed in, when I navigate to Calendar, then I see a month grid with day cells and colored event pills', 'draft');
INSERT INTO scenarios (id, rule_id, name, narrative, status) VALUES ('scen-calendar-month-nav', 'rule-calendar-navigate', 'Navigate between months', 'Given I am viewing the calendar in month view, when I click the next arrow, then the display advances to the next month', 'draft');
INSERT INTO scenarios (id, rule_id, name, narrative, status) VALUES ('scen-calendar-week-nav', 'rule-calendar-navigate', 'Navigate between weeks', 'Given I am viewing the calendar in week view, when I click the next arrow, then the display advances by one week', 'draft');
INSERT INTO scenarios (id, rule_id, name, narrative, status) VALUES ('scen-calendar-today', 'rule-calendar-today', 'Jump to today', 'Given I am viewing a future month, when I click Today, then the calendar returns to the current month with today highlighted', 'draft');
INSERT INTO scenarios (id, rule_id, name, narrative, status) VALUES ('scen-calendar-week-display', 'rule-calendar-week-view', 'Display week view with time slots', 'Given I am viewing the calendar in week mode, then I see 7 day columns with time slots from 6AM to 10PM', 'draft');
INSERT INTO scenarios (id, rule_id, name, narrative, status) VALUES ('scen-calendar-workweek-toggle', 'rule-calendar-workweek', 'Toggle work week mode in week view', 'Given I am viewing the calendar in week view, when I enable work week mode, then only Monday through Friday columns are displayed', 'draft');
INSERT INTO scenarios (id, rule_id, name, narrative, status) VALUES ('scen-calendar-workweek-month', 'rule-calendar-workweek', 'Toggle work week mode in month view', 'Given I am viewing the calendar in month view, when I enable work week mode, then the month grid shows only Monday through Friday columns', 'draft');
INSERT INTO scenarios (id, rule_id, name, narrative, status) VALUES ('scen-calendar-day-display', 'rule-calendar-day-view', 'Display day view with time slots', 'Given I click the Day view button, then I see a single day column with hourly time slots from 6AM to 10PM', 'draft');
INSERT INTO scenarios (id, rule_id, name, narrative, status) VALUES ('scen-calendar-day-nav', 'rule-calendar-day-nav', 'Navigate between days', 'Given I am viewing the calendar in day view, when I click the next arrow, then the display advances by one day', 'draft');
INSERT INTO scenarios (id, rule_id, name, narrative, status) VALUES ('scen-calendar-day-toggle', 'rule-calendar-day-view', 'Toggle to day view from month or week', 'Given I am in month or week view, when I click the Day button, then the view changes to show only the current day with time slots', 'draft');
INSERT INTO scenarios (id, rule_id, name, narrative, status) VALUES ('scen-calendar-all-day-create', 'rule-calendar-all-day-toggle', 'Create all-day event', 'Given I am creating an event, when I toggle ''All Day'' on, then the time fields are hidden and the event is saved as an all-day event', 'draft');
INSERT INTO scenarios (id, rule_id, name, narrative, status) VALUES ('scen-calendar-all-day-no-time', 'rule-calendar-all-day-display', 'All-day events display without time', 'Given an all-day event exists, when I view it in the calendar or details panel, then no start/end time is displayed', 'draft');
INSERT INTO scenarios (id, rule_id, name, narrative, status) VALUES ('scen-calendar-all-day-form-toggle', 'rule-calendar-all-day-form', 'All-day toggle hides time fields', 'Given I am creating or editing an event, when I enable the All Day toggle, then the start time and end time fields are hidden', 'draft');
INSERT INTO scenarios (id, rule_id, name, narrative, status) VALUES ('scen-calendar-edit-instance-no-recurrence', 'rule-calendar-instance-no-recurrence', 'Hide recurrence fields when editing single instance', 'Given I am editing a single instance of a recurring event (This Occurrence Only), then the recurrence options are not visible in the edit form', 'draft');
INSERT INTO scenarios (id, rule_id, name, narrative, status) VALUES ('scen-calendar-edit-series-shows-recurrence', 'rule-calendar-series-edit', 'Show recurrence fields when editing all occurrences', 'Given I am editing all occurrences of a recurring event, then the recurrence options are visible and can be modified', 'draft');
INSERT INTO scenarios (id, rule_id, name, narrative, status) VALUES ('scen-calendar-overlap-side-by-side', 'rule-calendar-overlap-side-by-side', 'Display two overlapping events side-by-side', 'Given two events overlap in time (e.g., Interview 14:00-16:00 and Sprint Review 15:00-16:30 on Dec 19), when I view the day in day or week view, then both events display side-by-side in separate columns', 'active');
INSERT INTO scenarios (id, rule_id, name, narrative, status) VALUES ('scen-calendar-overlap-three-events', 'rule-calendar-overlap-lanes', 'Display three overlapping events in three columns', 'Given three events all overlap in time, when I view the day, then the events display in three equal-width columns', 'active');
INSERT INTO scenarios (id, rule_id, name, narrative, status) VALUES ('scen-calendar-overlap-duration-visible', 'rule-calendar-overlap-duration-height', 'Longer events appear taller than shorter events', 'Given a 2-hour event and a 30-minute event, when I view them in day or week view, then the 2-hour event has approximately 4x the height of the 30-minute event', 'active');
INSERT INTO scenarios (id, rule_id, name, narrative, status) VALUES ('scen-calendar-overlap-recurring', 'rule-calendar-overlap-side-by-side', 'Recurring events on same day display side-by-side', 'Given two bi-weekly recurring events that fall on the same day (e.g., Interview Block and Sprint Review both on Dec 19), when I view that day, then both instances display side-by-side', 'active');
INSERT INTO scenarios (id, rule_id, name, narrative, status) VALUES ('scen-calendar-time-indicator-display', 'rule-calendar-time-indicator-visible', 'Time indicator visible on today''s Day view', 'Given I am viewing today''s date in Day view, then I see a colored horizontal bar indicating the current time positioned at the correct hour/minute', 'active');
INSERT INTO scenarios (id, rule_id, name, narrative, status) VALUES ('scen-calendar-time-indicator-updates', 'rule-calendar-time-indicator-realtime', 'Time indicator updates in real-time', 'Given I am viewing today''s Day view, when time passes, then the indicator moves down automatically without page refresh', 'active');
INSERT INTO scenarios (id, rule_id, name, narrative, status) VALUES ('scen-calendar-time-indicator-hidden-other-days', 'rule-calendar-time-indicator-today-only', 'Time indicator hidden on other days', 'Given I am viewing a date other than today in Day view, then no time indicator is displayed', 'active');
INSERT INTO scenarios (id, rule_id, name, narrative, status) VALUES ('scen-calendar-timezone-select', 'rule-calendar-timezone-select', 'Select event timezone', 'Given I am creating or editing an event, when I select a timezone from the timezone dropdown, then the event is saved with that timezone', 'draft');
INSERT INTO scenarios (id, rule_id, name, narrative, status) VALUES ('scen-calendar-timezone-local-preview', 'rule-calendar-timezone-local-preview', 'Display local time preview in edit mode', 'Given I am editing an event with a timezone different from my local timezone, when I view the event form, then I see a local time preview showing the event time converted to my local timezone', 'draft');
INSERT INTO scenarios (id, rule_id, name, narrative, status) VALUES ('scen-calendar-timezone-same-tz-no-preview', 'rule-calendar-timezone-local-preview', 'Hide local time preview when timezones match', 'Given I am editing an event with a timezone matching my local timezone, when I view the event form, then no local time preview is shown', 'draft');
INSERT INTO scenarios (id, rule_id, name, narrative, status) VALUES ('scen-calendar-timezone-details-display', 'rule-calendar-timezone-details', 'Display local time in details panel', 'Given I am viewing details of an event with a timezone different from my local timezone, when the details panel opens, then I see both the event time in its original timezone and my local time', 'draft');
INSERT INTO scenarios (id, rule_id, name, narrative, status) VALUES ('scen-calendar-timezone-details-same-tz', 'rule-calendar-timezone-details', 'Hide local time in details when timezones match', 'Given I am viewing details of an event with a timezone matching my local timezone, when the details panel opens, then only the event time is shown without a separate local time row', 'draft');
INSERT INTO scenarios (id, rule_id, name, narrative, status) VALUES ('scen-calendar-create-simple', 'rule-calendar-create', 'Create simple event', 'Given I click New Event, when I fill in title, date, and time and click Save, then the event appears on the calendar', 'draft');
INSERT INTO scenarios (id, rule_id, name, narrative, status) VALUES ('scen-calendar-create-recurring', 'rule-calendar-recurrence-create', 'Create recurring weekly event', 'Given I am creating an event, when I enable recurrence with Weekly frequency and select Mon/Wed/Fri, then events appear on those days', 'draft');
INSERT INTO scenarios (id, rule_id, name, narrative, status) VALUES ('scen-calendar-recurrence-until', 'rule-calendar-recurrence-until', 'Set recurrence end date', 'Given I am creating a recurring event, when I set an end date using the Until date picker, then events only appear up to that date', 'draft');
INSERT INTO scenarios (id, rule_id, name, narrative, status) VALUES ('scen-calendar-view-detail', 'rule-calendar-view-detail', 'View event details panel', 'Given I am viewing the calendar, when I click on an event pill, then a details panel opens showing title, time, location, and participants', 'draft');
INSERT INTO scenarios (id, rule_id, name, narrative, status) VALUES ('scen-calendar-edit-event', 'rule-calendar-edit', 'Edit existing event', 'Given I have an event details panel open, when I click Edit, modify fields, and Save, then the changes are reflected in the calendar', 'draft');
INSERT INTO scenarios (id, rule_id, name, narrative, status) VALUES ('scen-calendar-delete-event', 'rule-calendar-delete', 'Delete single event', 'Given I have an event details panel open, when I click Delete and confirm, then the event is removed from the calendar', 'draft');
INSERT INTO scenarios (id, rule_id, name, narrative, status) VALUES ('scen-calendar-cancel-instance', 'rule-calendar-instance-cancel', 'Cancel single recurrence instance', 'Given I click on one instance of a recurring event, when I select Cancel This Instance, then only that date is removed while other occurrences remain', 'draft');
INSERT INTO scenarios (id, rule_id, name, narrative, status) VALUES ('scen-calendar-modify-instance', 'rule-calendar-instance-modify', 'Modify single recurrence instance', 'Given I am editing one instance of a recurring event, when I change the time and save for This Instance Only, then only that occurrence is updated', 'draft');
INSERT INTO scenarios (id, rule_id, name, narrative, status) VALUES ('scen-calendar-delete-instance', 'rule-calendar-recurring-delete-choice', 'Delete only this occurrence', 'Given I click delete on a recurring event, when the dialog appears and I select ''Just This Occurrence'', then only that date is removed while other instances remain', 'draft');
INSERT INTO scenarios (id, rule_id, name, narrative, status) VALUES ('scen-calendar-delete-series', 'rule-calendar-recurring-delete-choice', 'Delete all occurrences', 'Given I click delete on a recurring event, when the dialog appears and I select ''All Occurrences'', then the entire series is removed from the calendar', 'draft');
INSERT INTO scenarios (id, rule_id, name, narrative, status) VALUES ('scen-calendar-edit-instance-only', 'rule-calendar-recurring-edit-choice', 'Edit only this occurrence', 'Given I click edit on a recurring event, when the dialog appears and I select ''This Occurrence Only'', then I can modify just that instance while others remain unchanged', 'draft');
INSERT INTO scenarios (id, rule_id, name, narrative, status) VALUES ('scen-calendar-edit-series', 'rule-calendar-recurring-edit-choice', 'Edit entire series', 'Given I click edit on a recurring event, when the dialog appears and I select ''All Occurrences'', then my changes apply to all instances of the series', 'draft');
INSERT INTO scenarios (id, rule_id, name, narrative, status) VALUES ('scen-calendar-edit-series-recurrence-loaded', 'rule-calendar-series-edit', 'Recurrence info loads when editing series', 'Given a weekly event recurring on Mon/Wed/Fri, when editing all occurrences, then the edit modal shows Mon/Wed/Fri selected', 'draft');
INSERT INTO scenarios (id, rule_id, name, narrative, status) VALUES ('scen-calendar-move-instance', 'rule-calendar-instance-move', 'Move recurring instance to different date', 'Given a Mon/Wed recurring event starting Jan 6, when I edit Wed Jan 15 and change the date to Thu Jan 16, then Wed Jan 15 shows no event and Thu Jan 16 shows the event', 'draft');
INSERT INTO scenarios (id, rule_id, name, narrative, status) VALUES ('scen-calendar-moved-instance-survives-pattern-change', 'rule-calendar-series-edit', 'Moved instance persists through recurrence pattern change', 'Given a Mon/Wed recurring event where I moved Wed Jan 15 to Thu Jan 16, when I change the series recurrence to Tue/Thu, then Thu Jan 16 still shows only one event (not duplicated)', 'draft');
INSERT INTO scenarios (id, rule_id, name, narrative, status) VALUES ('scen-calendar-cancelled-instance-reactivates', 'rule-calendar-instance-cancel', 'Cancelled instance remains cancelled after pattern change and restore', 'Given a Mon/Wed recurring event where I cancelled Wed Jan 15, when I change the series to Tue/Thu and then back to Mon/Wed, then Wed Jan 15 is still cancelled', 'draft');
INSERT INTO scenarios (id, rule_id, name, narrative, status) VALUES ('scen-email-inbox-empty', 'rule-email-inbox-view', 'View empty inbox', 'Given I am a new user with no messages, when I navigate to Email, then I see an empty inbox with a prompt to compose my first message', 'draft');
INSERT INTO scenarios (id, rule_id, name, narrative, status) VALUES ('scen-email-inbox-list', 'rule-email-inbox-view', 'View inbox messages', 'Given I have received messages, when I navigate to Email, then I see my inbox with messages showing sender name, subject, preview, and timestamp with unread messages visually highlighted', 'draft');
INSERT INTO scenarios (id, rule_id, name, narrative, status) VALUES ('scen-email-inbox-unread', 'rule-email-unread-count', 'Unread count displayed', 'Given I have 3 unread messages, when I view the Email sidebar, then I see ''3'' displayed next to the Inbox folder', 'draft');
INSERT INTO scenarios (id, rule_id, name, narrative, status) VALUES ('scen-email-compose-open', 'rule-email-compose', 'Open compose modal', 'Given I am viewing Email, when I click Compose, then a compose modal appears with To, Subject, and Body fields', 'draft');
INSERT INTO scenarios (id, rule_id, name, narrative, status) VALUES ('scen-email-compose-personnel', 'rule-email-recipient-personnel', 'Select recipient from directory', 'Given I am composing an email, when I type a colleague''s name in the To field, then I see matching personnel from the directory and can select one as a recipient', 'draft');
INSERT INTO scenarios (id, rule_id, name, narrative, status) VALUES ('scen-email-compose-custom', 'rule-email-recipient-custom', 'Enter custom email address', 'Given I am composing an email, when I type ''client@external.com'' and press Enter, then the custom address is added as a recipient chip', 'draft');
INSERT INTO scenarios (id, rule_id, name, narrative, status) VALUES ('scen-email-compose-multiple', 'rule-email-recipient-multiple', 'Add multiple recipients', 'Given I am composing an email, when I add Alex Chen to To and Sarah Johnson to CC, then both appear as recipient chips in their respective fields', 'draft');
INSERT INTO scenarios (id, rule_id, name, narrative, status) VALUES ('scen-email-compose-send', 'rule-email-send', 'Send email', 'Given I have composed an email with recipient, subject, and body, when I click Send, then the compose modal closes, the message appears in my Sent folder, and the recipient sees it in their Inbox', 'draft');
INSERT INTO scenarios (id, rule_id, name, narrative, status) VALUES ('scen-email-draft-save', 'rule-email-drafts-save', 'Save draft', 'Given I am composing an email, when I click Save Draft or close the compose modal without sending, then the email is saved to my Drafts folder', 'draft');
INSERT INTO scenarios (id, rule_id, name, narrative, status) VALUES ('scen-email-draft-edit', 'rule-email-drafts-edit', 'Edit and send draft', 'Given I have a saved draft, when I open it from Drafts, complete the message, and click Send, then the draft is removed from Drafts and the email is sent', 'draft');
INSERT INTO scenarios (id, rule_id, name, narrative, status) VALUES ('scen-email-read-open', 'rule-email-read', 'Read email content', 'Given I have unread messages in my inbox, when I click on a message, then the reading pane displays the sender, date, recipients, subject, and full body', 'draft');
INSERT INTO scenarios (id, rule_id, name, narrative, status) VALUES ('scen-email-read-marks-read', 'rule-email-mark-read', 'Opening email marks as read', 'Given I have an unread message, when I click to open it, then it is marked as read and no longer appears highlighted as new', 'draft');
INSERT INTO scenarios (id, rule_id, name, narrative, status) VALUES ('scen-email-reply', 'rule-email-reply', 'Reply to email', 'Given I am reading an email from Alex Chen, when I click Reply and send my response, then Alex receives my reply and both messages appear in the same thread', 'draft');
INSERT INTO scenarios (id, rule_id, name, narrative, status) VALUES ('scen-email-reply-all', 'rule-email-reply-all', 'Reply all', 'Given I received an email sent to me and CC''d to Sarah, when I click Reply All and respond, then both the original sender and Sarah receive my reply', 'draft');
INSERT INTO scenarios (id, rule_id, name, narrative, status) VALUES ('scen-email-forward', 'rule-email-forward', 'Forward email', 'Given I am reading an email, when I click Forward, add Mike Smith as recipient, and send, then Mike receives the forwarded message with the original content quoted', 'draft');
INSERT INTO scenarios (id, rule_id, name, narrative, status) VALUES ('scen-email-thread-view', 'rule-email-thread-view', 'View conversation thread', 'Given an email thread with 3 messages, when I open any message in the thread, then I see all 3 messages displayed in chronological order', 'draft');
INSERT INTO scenarios (id, rule_id, name, narrative, status) VALUES ('scen-email-folder-nav', 'rule-email-folder-nav', 'Navigate folders', 'Given I am viewing my Inbox, when I click on Sent, then the email list updates to show only messages I have sent', 'draft');
INSERT INTO scenarios (id, rule_id, name, narrative, status) VALUES ('scen-email-sent-view', 'rule-email-sent-view', 'View sent emails', 'Given I have sent emails, when I navigate to the Sent folder, then I see my sent messages with recipient, subject, and sent timestamp', 'draft');
INSERT INTO scenarios (id, rule_id, name, narrative, status) VALUES ('scen-email-delete', 'rule-email-delete', 'Delete email', 'Given I am viewing an email, when I click Delete, then the email is moved to Trash and removed from Inbox', 'draft');
INSERT INTO scenarios (id, rule_id, name, narrative, status) VALUES ('scen-email-trash-recover', 'rule-email-trash-view', 'Recover from trash', 'Given I have deleted an email, when I go to Trash and click Restore on the message, then it returns to my Inbox', 'draft');
INSERT INTO scenarios (id, rule_id, name, narrative, status) VALUES ('scen-email-search-basic', 'rule-email-search', 'Search emails', 'Given I have multiple emails, when I enter ''quarterly report'' in the search box, then I see only emails with matching subject or body content', 'draft');
INSERT INTO scenarios (id, rule_id, name, narrative, status) VALUES ('scen-email-search-sender', 'rule-email-search', 'Search by sender', 'Given I have emails from various senders, when I search for ''Alex Chen'', then I see only emails from or mentioning Alex Chen', 'draft');
INSERT INTO scenarios (id, rule_id, name, narrative, status) VALUES ('scen-chat-dm-conversation', 'rule-chat-dm-start', 'Start direct message', 'Given I click New Message, when I select a colleague and send a message, then a DM conversation is created and the message appears', 'draft');
INSERT INTO scenarios (id, rule_id, name, narrative, status) VALUES ('scen-chat-channel-create', 'rule-chat-channel-create', 'Create new channel', 'Given I click Create Channel, when I enter a name and description, then the channel appears in my channel list', 'draft');
INSERT INTO scenarios (id, rule_id, name, narrative, status) VALUES ('scen-chat-react', 'rule-chat-react', 'React to message', 'Given I hover over a message, when I click Add Reaction and select an emoji, then the reaction appears under the message', 'draft');
INSERT INTO scenarios (id, rule_id, name, narrative, status) VALUES ('scen-chat-thread', 'rule-chat-thread-reply', 'Reply in thread', 'Given I click Reply on a message, when I type and send my response, then it appears in a threaded view under the original message', 'draft');
INSERT INTO scenarios (id, rule_id, name, narrative, status) VALUES ('scen-screenshare-start', 'rule-screenshare-start', 'Start screen share', 'Given I click Share Screen, when I select a screen or window and click Start, then participants see my shared screen', 'draft');
INSERT INTO scenarios (id, rule_id, name, narrative, status) VALUES ('scen-screenshare-from-dm', 'rule-screenshare-from-chat', 'Share screen from DM', 'Given I am in a DM conversation, when I click the Share Screen button, then my screen becomes visible to the other person', 'draft');
INSERT INTO scenarios (id, rule_id, name, narrative, status) VALUES ('scen-screenshare-stop', 'rule-screenshare-stop', 'Stop screen share', 'Given I am sharing my screen, when I click Stop Sharing, then participants no longer see my screen', 'draft');
INSERT INTO scenarios (id, rule_id, name, narrative, status) VALUES ('scen-aco-default-create', 'rule-aco-default', 'New record gets default ACO', 'Given I create a new personnel record, when I do not specify an ACO, then the record is saved with ACO {"sensitivity": "low"}', 'draft');
INSERT INTO scenarios (id, rule_id, name, narrative, status) VALUES ('scen-aco-explicit-no-inherit', 'rule-aco-explicit', 'Child records do not inherit parent ACO', 'Given a chat channel has ACO {"sensitivity": "moderate"}, when I send a message to that channel without specifying ACO, then the message gets the default ACO {"sensitivity": "low"}, not the channel''s ACO', 'draft');
INSERT INTO scenarios (id, rule_id, name, narrative, status) VALUES ('scen-sensitivity-filter-list', 'rule-sensitivity-view', 'List filtered by sensitivity', 'Given I have clearance ''moderate'' and there are personnel records at public, low, moderate, and high sensitivity, when I list personnel, then I only see records with sensitivity public, low, or moderate', 'draft');
INSERT INTO scenarios (id, rule_id, name, narrative, status) VALUES ('scen-sensitivity-block-detail', 'rule-sensitivity-view', 'Cannot view high sensitivity record', 'Given I have clearance ''moderate'' and a personnel record has sensitivity ''high'', when I try to view that record by ID, then I receive an access denied response', 'draft');
INSERT INTO scenarios (id, rule_id, name, narrative, status) VALUES ('scen-sensitivity-create-blocked', 'rule-sensitivity-create', 'Cannot create above clearance', 'Given I have clearance ''moderate'', when I try to create a record with sensitivity ''high'', then the creation fails with an access denied error', 'draft');
INSERT INTO scenarios (id, rule_id, name, narrative, status) VALUES ('scen-sensitivity-badge', 'rule-sensitivity-indicator', 'Sensitivity badge displayed', 'Given I am viewing a personnel detail panel, when the record has sensitivity ''moderate'', then I see a visual badge indicating ''MODERATE'' classification', 'draft');
INSERT INTO scenarios (id, rule_id, name, narrative, status) VALUES ('scen-tenant-single-access', 'rule-tenant-access', 'Can access single tenant record', 'Given I have tenant access ''moderate:🍎'' and a record has tenants [''🍎''] with sensitivity ''low'', when I view the record, then I can see it', 'draft');
INSERT INTO scenarios (id, rule_id, name, narrative, status) VALUES ('scen-tenant-single-blocked', 'rule-tenant-access', 'Blocked without tenant access', 'Given I have no tenant access for 🍎 and a record has tenants [''🍎''], when I try to view the record, then I receive an access denied response', 'draft');
INSERT INTO scenarios (id, rule_id, name, narrative, status) VALUES ('scen-tenant-insufficient-level', 'rule-tenant-access', 'Blocked with insufficient tenant level', 'Given I have tenant access ''low:🍎'' and a record has tenants [''🍎''] with sensitivity ''moderate'', when I try to view the record, then I receive an access denied response', 'draft');
INSERT INTO scenarios (id, rule_id, name, narrative, status) VALUES ('scen-tenant-multi-all', 'rule-tenant-multi', 'Access requires all tenants', 'Given I have tenant access ''moderate:🍎'' but not 🍌 and a record has tenants [''🍎'', ''🍌''], when I try to view the record, then I receive an access denied response', 'draft');
INSERT INTO scenarios (id, rule_id, name, narrative, status) VALUES ('scen-tenant-emoji-display', 'rule-tenant-indicator', 'Tenant emojis displayed', 'Given I am viewing a record with tenants [''🍎'', ''🍌''], when I look at the record header, then I see the emojis 🍎🍌 displayed as tenant indicators', 'draft');
INSERT INTO scenarios (id, rule_id, name, narrative, status) VALUES ('scen-role-single-access', 'rule-role-access', 'Can access with required role', 'Given I have role ''hr_viewer'' and a record requires roles [''hr_viewer''], when I view the record, then I can see it', 'draft');
INSERT INTO scenarios (id, rule_id, name, narrative, status) VALUES ('scen-role-single-blocked', 'rule-role-access', 'Blocked without required role', 'Given I do not have role ''hr_viewer'' and a record requires roles [''hr_viewer''], when I try to view the record, then I receive an access denied response', 'draft');
INSERT INTO scenarios (id, rule_id, name, narrative, status) VALUES ('scen-role-multi-partial', 'rule-role-multi', 'Partial roles insufficient', 'Given I have role ''manager'' but not ''hr_viewer'' and a record requires roles [''manager'', ''hr_viewer''], when I try to view the record, then I receive an access denied response', 'draft');
INSERT INTO scenarios (id, rule_id, name, narrative, status) VALUES ('scen-role-global-admin-bypass', 'rule-global-admin', 'Global admin bypasses all checks', 'Given I have role ''global_admin'' and a record has sensitivity ''high'', tenants [''🍎''], and roles [''secret_committee''], when I view the record, then I can see it regardless of my other attributes', 'draft');
INSERT INTO scenarios (id, rule_id, name, narrative, status) VALUES ('scen-log-read-recorded', 'rule-log-all-reads', 'Read operation logged', 'Given I view a personnel record, when the request completes, then an entry exists in the access log with my subject ID, the record ID, action ''read'', and timestamp', 'draft');
INSERT INTO scenarios (id, rule_id, name, narrative, status) VALUES ('scen-log-write-recorded', 'rule-log-writes', 'Write operation logged with changes', 'Given I update a personnel record''s title, when the request completes, then an entry exists in the access log with action ''update'', old value, new value, and timestamp', 'draft');
INSERT INTO scenarios (id, rule_id, name, narrative, status) VALUES ('scen-log-denial-recorded', 'rule-log-denials', 'Access denial logged', 'Given I try to view a record I cannot access, when the request is denied, then an entry exists in the access log with action ''read'', outcome ''denied'', and the reason for denial', 'draft');
INSERT INTO scenarios (id, rule_id, name, narrative, status) VALUES ('scen-guide-create', 'rule-guide-create', 'Create classification guide', 'Given I am a Global Administrator, when I create a classification guide with descriptions for each sensitivity level, then the guide is saved and available for reference', 'draft');
INSERT INTO scenarios (id, rule_id, name, narrative, status) VALUES ('scen-guide-referenced', 'rule-guide-reference', 'View classification guide reference', 'Given a record''s SCO references classification guide ''CG-HR-001'', when I view the record''s security context, then I can see the guide ID and click to view its full content', 'draft');
INSERT INTO scenarios (id, rule_id, name, narrative, status) VALUES ('scen-aco-modify-within-clearance', 'rule-aco-modify-allowed', 'Can modify ACO within clearance', 'Given I have clearance ''moderate'' and a record has sensitivity ''low'', when I change the sensitivity to ''moderate'', then the change is saved successfully', 'draft');
INSERT INTO scenarios (id, rule_id, name, narrative, status) VALUES ('scen-aco-modify-blocked', 'rule-aco-modify-allowed', 'Cannot modify ACO beyond clearance', 'Given I have clearance ''moderate'' and a record has sensitivity ''low'', when I try to change the sensitivity to ''high'', then the change is rejected with an access denied error', 'draft');
INSERT INTO scenarios (id, rule_id, name, narrative, status) VALUES ('scen-aco-modify-logged', 'rule-aco-modify-log', 'ACO modification logged', 'Given I modify a record''s sensitivity from ''low'' to ''moderate'', when the change is saved, then an entry exists in the access log with action ''aco_modify'', old ACO, new ACO, and my subject ID', 'draft');
INSERT INTO scenarios (id, rule_id, name, narrative, status) VALUES ('scen-mcp-list-personnel', 'rule-mcp-resources-read', 'List personnel via MCP', 'Given I have a valid MCP connection, when I request the personnel resource, then I receive a list of all personnel records with their attributes', 'draft');
INSERT INTO scenarios (id, rule_id, name, narrative, status) VALUES ('scen-mcp-list-projects', 'rule-mcp-resources-read', 'List projects via MCP', 'Given I have a valid MCP connection, when I request the projects resource, then I receive a list of all projects with their status and linked solutions', 'draft');
INSERT INTO scenarios (id, rule_id, name, narrative, status) VALUES ('scen-mcp-list-objectives', 'rule-mcp-resources-read', 'List objectives via MCP', 'Given I have a valid MCP connection, when I request the objectives resource, then I receive the objective hierarchy with parent-child relationships', 'draft');
INSERT INTO scenarios (id, rule_id, name, narrative, status) VALUES ('scen-mcp-create-personnel', 'rule-mcp-tools-crud', 'Create personnel via MCP tool', 'Given I have authenticated MCP connection with admin privileges, when I invoke the create_personnel tool with name and email, then a new personnel record is created and returned', 'draft');
INSERT INTO scenarios (id, rule_id, name, narrative, status) VALUES ('scen-mcp-update-objective', 'rule-mcp-tools-crud', 'Update objective via MCP tool', 'Given I have authenticated MCP connection with admin privileges, when I invoke the update_objective tool with an ID and new title, then the objective is updated and the change is logged', 'draft');
INSERT INTO scenarios (id, rule_id, name, narrative, status) VALUES ('scen-mcp-delete-activity', 'rule-mcp-tools-crud', 'Delete activity via MCP tool', 'Given I have authenticated MCP connection with admin privileges, when I invoke the delete_activity tool with a valid ID, then the activity is removed from the system', 'draft');
INSERT INTO scenarios (id, rule_id, name, narrative, status) VALUES ('scen-mcp-sse-connect', 'rule-mcp-transport-sse', 'Connect via HTTP/SSE', 'Given the Rubigo MCP server is running, when I establish an SSE connection to the MCP endpoint, then I receive the protocol handshake and can begin exchanging messages', 'draft');
INSERT INTO scenarios (id, rule_id, name, narrative, status) VALUES ('scen-mcp-sse-reconnect', 'rule-mcp-transport-sse', 'Reconnect after disconnect', 'Given an active SSE connection is interrupted, when the client reconnects, then the connection is re-established and operations can continue', 'draft');
INSERT INTO scenarios (id, rule_id, name, narrative, status) VALUES ('scen-mcp-auth-valid-token', 'rule-mcp-auth', 'Authenticate with valid token', 'Given I have a valid API token, when I connect to the MCP server with the token in the Authorization header, then the connection is established successfully', 'draft');
INSERT INTO scenarios (id, rule_id, name, narrative, status) VALUES ('scen-mcp-auth-invalid-token', 'rule-mcp-auth', 'Reject invalid token', 'Given I have an invalid or expired API token, when I attempt to connect to the MCP server, then the connection is rejected with an authentication error', 'draft');
INSERT INTO scenarios (id, rule_id, name, narrative, status) VALUES ('scen-mcp-auth-readonly', 'rule-mcp-auth', 'Enforce role-based access', 'Given I have an authenticated connection without admin privileges, when I invoke a write tool like create_personnel, then the operation is rejected with a permissions error', 'draft');
INSERT INTO scenarios (id, rule_id, name, narrative, status) VALUES ('scen-mcp-discover-resources', 'rule-mcp-schema', 'Discover available resources', 'Given I have a valid MCP connection, when I send a resources/list request, then I receive a list of all available resources with their URIs and descriptions', 'draft');
INSERT INTO scenarios (id, rule_id, name, narrative, status) VALUES ('scen-mcp-discover-tools', 'rule-mcp-schema', 'Discover available tools', 'Given I have a valid MCP connection, when I send a tools/list request, then I receive a list of all available tools with their input schemas and descriptions', 'draft');

-- Total scenarios: 138
