-- PERSONNEL
INSERT INTO personnel (profile_id, id, name, email, title, department, site, building, level, space, manager, photo, desk_phone, cell_phone, bio) VALUES ('mmc', '241a6d', 'Thomas Anderson', 'tanderson@mmc.com', 'Chief Executive Officer', 'Executive', 'MMC Headquarters', 'HQ Main Building', 3, '300', NULL, 'headshots/thomas_anderson_241a6d.png', '614-555-1001', '614-555-8001', 'Thomas founded MMC in 1998 after 15 years in industrial manufacturing. He holds an MBA from Ohio State and is known for his hands-on leadership style. Outside work, he volunteers with Junior Achievement and enjoys restoring classic cars.');
INSERT INTO personnel (profile_id, id, name, email, title, department, site, building, level, space, manager, photo, desk_phone, cell_phone, bio) VALUES ('mmc', 'cdb964', 'Margaret Sullivan', 'msullivan@mmc.com', 'Chief Financial Officer', 'Executive', 'MMC Headquarters', 'HQ Main Building', 3, '300', 'Thomas Anderson', 'headshots/margaret_sullivan_cdb964.png', '614-555-1002', '614-555-8002', 'Margaret joined MMC in 2008 from Deloitte, bringing 20 years of financial expertise. A CPA with a focus on manufacturing operations, she led the company''s successful ERP implementation.');
INSERT INTO personnel (profile_id, id, name, email, title, department, site, building, level, space, manager, photo, desk_phone, cell_phone, bio) VALUES ('mmc', '714fd4', 'Richard Nakamura', 'rnakamura@mmc.com', 'Chief Technology Officer', 'Executive', 'MMC Headquarters', 'HQ Main Building', 3, '300', 'Thomas Anderson', 'headshots/richard_nakamura_714fd4.png', '614-555-1003', '614-555-8003', 'Richard oversees all technology initiatives and digital transformation at MMC. Previously at Rockwell Automation, he specializes in industrial IoT and smart manufacturing.');
INSERT INTO personnel (profile_id, id, name, email, title, department, site, building, level, space, manager, photo, desk_phone, cell_phone, bio) VALUES ('mmc', '1ea074', 'Mike Chen', 'mchen@mmc.com', 'IT Director', 'IT', 'MMC Headquarters', 'HQ Main Building', 1, '102', 'Richard Nakamura', 'headshots/mike_chen_1ea074.png', '614-555-2001', '614-555-8201', 'Mike manages the IT infrastructure across all MMC locations. With 12 years at the company, he led the network modernization project. Certified in Cisco and Microsoft technologies.');
INSERT INTO personnel (profile_id, id, name, email, title, department, site, building, level, space, manager, photo, desk_phone, cell_phone, bio) VALUES ('mmc', '7aa0d4', 'Sarah Kim', 'skim@mmc.com', 'Network Administrator', 'IT', 'MMC Headquarters', 'HQ Main Building', 1, '102', 'Mike Chen', 'headshots/sarah_kim_7aa0d4.png', '614-555-2002', '614-555-8202', 'Sarah maintains the company''s network infrastructure and security systems. She joined MMC after graduating from Purdue and is passionate about cybersecurity.');
INSERT INTO personnel (profile_id, id, name, email, title, department, site, building, level, space, manager, photo, desk_phone, cell_phone, bio) VALUES ('mmc', 'd62d4d', 'Jason Wright', 'jwright@mmc.com', 'Systems Administrator', 'IT', 'MMC Headquarters', 'HQ Main Building', 1, '102', 'Mike Chen', 'headshots/jason_wright_d62d4d.png', '614-555-2003', '614-555-8203', 'Jason handles server management and cloud operations with expertise in Windows Server, VMware, and Azure. He''s working toward his CISSP certification.');
INSERT INTO personnel (profile_id, id, name, email, title, department, site, building, level, space, manager, photo, desk_phone, cell_phone, bio) VALUES ('mmc', '4f6f43', 'Patricia Martinez', 'pmartinez@mmc.com', 'HR Director', 'HR', 'MMC Headquarters', 'HQ Main Building', 1, '101', 'Thomas Anderson', 'headshots/patricia_martinez_4f6f43.png', '614-555-3001', '614-555-8301', 'Patricia leads all human resources functions including talent acquisition and employee development. With 18 years in HR, she implemented MMC''s apprenticeship program.');
INSERT INTO personnel (profile_id, id, name, email, title, department, site, building, level, space, manager, photo, desk_phone, cell_phone, bio) VALUES ('mmc', 'f73c1c', 'James Wilson', 'jwilson@mmc.com', 'HR Specialist', 'HR', 'MMC Headquarters', 'HQ Main Building', 1, '101', 'Patricia Martinez', 'headshots/james_wilson_f73c1c.png', '614-555-3002', NULL, 'James focuses on employee relations and benefits administration. He''s been with MMC for 5 years and is known for his approachable manner.');
INSERT INTO personnel (profile_id, id, name, email, title, department, site, building, level, space, manager, photo, desk_phone, cell_phone, bio) VALUES ('mmc', 'd827cb', 'David Park', 'dpark@mmc.com', 'Engineering Manager', 'Engineering', 'MMC Headquarters', 'HQ Main Building', 2, '201-OP', 'Richard Nakamura', 'headshots/david_park_d827cb.png', '614-555-4001', '614-555-8401', 'David leads the mechanical engineering team developing HVAC systems. A licensed PE with 15 years of experience, he holds multiple patents.');
INSERT INTO personnel (profile_id, id, name, email, title, department, site, building, level, space, manager, photo, desk_phone, cell_phone, bio) VALUES ('mmc', 'f9c8d7', 'Jennifer Adams', 'jadams@mmc.com', 'Senior Mechanical Engineer', 'Engineering', 'MMC Headquarters', 'HQ Main Building', 2, '201-OP', 'David Park', 'headshots/jennifer_adams_f9c8d7.png', '614-555-4002', '614-555-8402', 'Jennifer specializes in thermal systems and energy efficiency. She''s led several product development projects that reduced energy consumption by 30%.');
INSERT INTO personnel (profile_id, id, name, email, title, department, site, building, level, space, manager, photo, desk_phone, cell_phone, bio) VALUES ('mmc', '8a0c57', 'Robert Thompson', 'rthompson@mmc.com', 'Mechanical Engineer', 'Engineering', 'MMC Headquarters', 'HQ Main Building', 2, '201-OP', 'David Park', 'headshots/robert_thompson_8a0c57.png', '614-555-4003', NULL, 'Robert focuses on product testing and quality assurance. He joined MMC after completing his master''s at University of Michigan.');
INSERT INTO personnel (profile_id, id, name, email, title, department, site, building, level, space, manager, photo, desk_phone, cell_phone, bio) VALUES ('mmc', '8f3a18', 'Lisa Chen', 'lchen@mmc.com', 'CAD Designer', 'Engineering', 'MMC Headquarters', 'HQ Main Building', 2, '202', 'David Park', 'headshots/lisa_chen_8f3a18.png', '614-555-4004', NULL, 'Lisa creates technical drawings and 3D models for HVAC components. Expert in SolidWorks and AutoCAD with an eye for both form and function.');
INSERT INTO personnel (profile_id, id, name, email, title, department, site, building, level, space, manager, photo, desk_phone, cell_phone, bio) VALUES ('mmc', '4fcdf6', 'Emily Rodriguez', 'erodriguez@mmc.com', 'Finance Manager', 'Finance', 'MMC Headquarters', 'HQ Main Building', 3, '301', 'Margaret Sullivan', 'headshots/emily_rodriguez_4fcdf6.png', '614-555-5001', '614-555-8501', 'Emily manages day-to-day financial operations and reporting. A CPA who streamlined the monthly close process from 10 days to 3.');
INSERT INTO personnel (profile_id, id, name, email, title, department, site, building, level, space, manager, photo, desk_phone, cell_phone, bio) VALUES ('mmc', 'c1eddc', 'Daniel Foster', 'dfoster@mmc.com', 'Senior Accountant', 'Finance', 'MMC Headquarters', 'HQ Main Building', 3, '301', 'Emily Rodriguez', 'headshots/daniel_foster_c1eddc.png', '614-555-5002', NULL, 'Daniel handles accounts payable, receivable, and cost accounting. He''s been with MMC for 7 years and is the go-to person for SAP questions.');
INSERT INTO personnel (profile_id, id, name, email, title, department, site, building, level, space, manager, photo, desk_phone, cell_phone, bio) VALUES ('mmc', '1e4e5c', 'Chris Miller', 'cmiller@mmc.com', 'Regional Sales Manager - Midwest', 'Sales', 'Indianapolis Regional Office', 'Indy Office Building', 1, '101', 'Thomas Anderson', 'headshots/chris_miller_1e4e5c.png', '317-555-6001', '317-555-8601', 'Chris leads sales across Indiana, Illinois, and Wisconsin. A 10-year MMC veteran, he''s grown the Midwest territory by 40%.');
INSERT INTO personnel (profile_id, id, name, email, title, department, site, building, level, space, manager, photo, desk_phone, cell_phone, bio) VALUES ('mmc', 'e8a466', 'Amanda Johnson', 'ajohnson@mmc.com', 'Sales Representative', 'Sales', 'Indianapolis Regional Office', 'Indy Office Building', 1, '101', 'Chris Miller', 'headshots/amanda_johnson_e8a466.png', '317-555-6002', '317-555-8602', 'Amanda handles inside sales and customer support for the Midwest region. She recently earned President''s Club recognition.');
INSERT INTO personnel (profile_id, id, name, email, title, department, site, building, level, space, manager, photo, desk_phone, cell_phone, bio) VALUES ('mmc', '4d9154', 'Kevin O''Brien', 'kobrien@mmc.com', 'Regional Sales Manager - North', 'Sales', 'Detroit Regional Office', 'Detroit Office Building', 1, '101', 'Thomas Anderson', 'headshots/kevin_obrien_4d9154.png', '313-555-7001', '313-555-8701', 'Kevin manages sales in Michigan, Minnesota, and the Great Lakes region. With 15 years in industrial sales, he''s developed key automotive accounts.');
INSERT INTO personnel (profile_id, id, name, email, title, department, site, building, level, space, manager, photo, desk_phone, cell_phone, bio) VALUES ('mmc', '5eedf9', 'Nicole Taylor', 'ntaylor@mmc.com', 'Regional Sales Manager - East', 'Sales', 'Pittsburgh Regional Office', 'Pittsburgh Office Building', 1, '101', 'Thomas Anderson', 'headshots/nicole_taylor_5eedf9.png', '412-555-7101', '412-555-8711', 'Nicole covers Pennsylvania, New York, and the Eastern seaboard. She has an engineering background that helps her consult on complex projects.');
INSERT INTO personnel (profile_id, id, name, email, title, department, site, building, level, space, manager, photo, desk_phone, cell_phone, bio) VALUES ('mmc', 'test01', 'Alex Chen', 'achen@mmc.com', 'QA Engineer', 'IT', 'MMC Headquarters', 'HQ Main Building', 1, '102', 'Mike Chen', NULL, '614-555-2010', NULL, 'Alex joined the IT department to focus on quality assurance and automated testing. Previously worked at a fintech startup.');
INSERT INTO personnel (profile_id, id, name, email, title, department, site, building, level, space, manager, photo, desk_phone, cell_phone, bio) VALUES ('mmc', 'test02', 'Jordan Smith', 'jsmith@mmc.com', 'Sales Associate', 'Sales', 'Indianapolis Regional Office', 'Indy Office Building', 1, '101', 'Chris Miller', NULL, '317-555-6010', NULL, 'Jordan is a rising star in the Midwest sales team, bringing energy and fresh ideas to client relationships.');
INSERT INTO personnel (profile_id, id, name, email, title, department, site, building, level, space, manager, photo, desk_phone, cell_phone, bio) VALUES ('mmc', 'test03', 'Morgan Davis', 'mdavis@mmc.com', 'Product Designer', 'Engineering', 'MMC Headquarters', 'HQ Main Building', 2, '202', 'David Park', NULL, '614-555-4010', NULL, 'Morgan brings a user-centered design perspective to the engineering team, bridging the gap between form and function.');
INSERT INTO personnel (profile_id, id, name, email, title, department, site, building, level, space, manager, photo, desk_phone, cell_phone, bio) VALUES ('mmc', 'test04', 'Taylor Brown', 'tbrown@mmc.com', 'Project Manager', 'Executive', 'MMC Headquarters', 'HQ Main Building', 3, '300', 'Thomas Anderson', NULL, '614-555-1010', '614-555-8010', 'Taylor coordinates cross-functional projects and ensures smooth communication between departments.');
INSERT INTO personnel (profile_id, id, name, email, title, department, site, building, level, space, manager, photo, desk_phone, cell_phone, bio) VALUES ('mmc', 'test05', 'Casey Wilson', 'cwilson@mmc.com', 'Support Specialist', 'IT', 'MMC Headquarters', 'HQ Main Building', 1, '102', 'Mike Chen', NULL, '614-555-2011', NULL, 'Casey provides front-line support for internal systems and is known for their patience and problem-solving skills.');

-- REGIONS
INSERT INTO regions (profile_id, id, name, description) VALUES ('mmc', NULL, 'Columbus HQ', NULL);
INSERT INTO regions (profile_id, id, name, description) VALUES ('mmc', NULL, 'Indianapolis', NULL);
INSERT INTO regions (profile_id, id, name, description) VALUES ('mmc', NULL, 'Detroit', NULL);
INSERT INTO regions (profile_id, id, name, description) VALUES ('mmc', NULL, 'Pittsburgh', NULL);

-- SITES
INSERT INTO sites (profile_id, id, name, region_id, address, city, state, zip, country) VALUES ('mmc', NULL, 'MMC Headquarters', NULL, NULL, NULL, NULL, NULL, NULL);
INSERT INTO sites (profile_id, id, name, region_id, address, city, state, zip, country) VALUES ('mmc', NULL, 'Indianapolis Regional Office', NULL, NULL, NULL, NULL, NULL, NULL);
INSERT INTO sites (profile_id, id, name, region_id, address, city, state, zip, country) VALUES ('mmc', NULL, 'Detroit Regional Office', NULL, NULL, NULL, NULL, NULL, NULL);
INSERT INTO sites (profile_id, id, name, region_id, address, city, state, zip, country) VALUES ('mmc', NULL, 'Pittsburgh Regional Office', NULL, NULL, NULL, NULL, NULL, NULL);

-- BUILDINGS
INSERT INTO buildings (profile_id, id, name, site_id, floors) VALUES ('mmc', NULL, 'HQ Main Building', NULL, NULL);
INSERT INTO buildings (profile_id, id, name, site_id, floors) VALUES ('mmc', NULL, 'HQ Annex', NULL, NULL);
INSERT INTO buildings (profile_id, id, name, site_id, floors) VALUES ('mmc', NULL, 'Indy Office Building', NULL, NULL);
INSERT INTO buildings (profile_id, id, name, site_id, floors) VALUES ('mmc', NULL, 'Detroit Office Building', NULL, NULL);
INSERT INTO buildings (profile_id, id, name, site_id, floors) VALUES ('mmc', NULL, 'Pittsburgh Office Building', NULL, NULL);

-- SPACES
INSERT INTO spaces (profile_id, id, name, building_id, floor, space_type, capacity) VALUES ('mmc', 1, 'Data Center', NULL, NULL, NULL, NULL);
INSERT INTO spaces (profile_id, id, name, building_id, floor, space_type, capacity) VALUES ('mmc', 2, 'Network Closet B1', NULL, NULL, NULL, NULL);
INSERT INTO spaces (profile_id, id, name, building_id, floor, space_type, capacity) VALUES ('mmc', 3, 'Reception Area', NULL, NULL, NULL, NULL);
INSERT INTO spaces (profile_id, id, name, building_id, floor, space_type, capacity) VALUES ('mmc', 4, 'HR Suite', NULL, NULL, NULL, NULL);
INSERT INTO spaces (profile_id, id, name, building_id, floor, space_type, capacity) VALUES ('mmc', 5, 'IT Help Desk', NULL, NULL, NULL, NULL);
INSERT INTO spaces (profile_id, id, name, building_id, floor, space_type, capacity) VALUES ('mmc', 6, 'Engineering Open Plan', NULL, NULL, NULL, NULL);
INSERT INTO spaces (profile_id, id, name, building_id, floor, space_type, capacity) VALUES ('mmc', 7, 'CAD Lab', NULL, NULL, NULL, NULL);
INSERT INTO spaces (profile_id, id, name, building_id, floor, space_type, capacity) VALUES ('mmc', 8, 'Conference Room 2A', NULL, NULL, NULL, NULL);
INSERT INTO spaces (profile_id, id, name, building_id, floor, space_type, capacity) VALUES ('mmc', 9, 'Executive Suite', NULL, NULL, NULL, NULL);
INSERT INTO spaces (profile_id, id, name, building_id, floor, space_type, capacity) VALUES ('mmc', 10, 'Finance Department', NULL, NULL, NULL, NULL);
INSERT INTO spaces (profile_id, id, name, building_id, floor, space_type, capacity) VALUES ('mmc', 11, 'Board Room', NULL, NULL, NULL, NULL);
INSERT INTO spaces (profile_id, id, name, building_id, floor, space_type, capacity) VALUES ('mmc', 12, 'Indy Open Office', NULL, NULL, NULL, NULL);
INSERT INTO spaces (profile_id, id, name, building_id, floor, space_type, capacity) VALUES ('mmc', 13, 'Indy Network Closet', NULL, NULL, NULL, NULL);
INSERT INTO spaces (profile_id, id, name, building_id, floor, space_type, capacity) VALUES ('mmc', 14, 'Detroit Open Office', NULL, NULL, NULL, NULL);
INSERT INTO spaces (profile_id, id, name, building_id, floor, space_type, capacity) VALUES ('mmc', 15, 'Detroit Network Closet', NULL, NULL, NULL, NULL);
INSERT INTO spaces (profile_id, id, name, building_id, floor, space_type, capacity) VALUES ('mmc', 16, 'Pittsburgh Open Office', NULL, NULL, NULL, NULL);
INSERT INTO spaces (profile_id, id, name, building_id, floor, space_type, capacity) VALUES ('mmc', 17, 'Pittsburgh Network Closet', NULL, NULL, NULL, NULL);

-- SOLUTIONS
INSERT INTO solutions (profile_id, id, name, description, status) VALUES ('mmc', 'a1b2c3', 'HVAC Solutions Platform', 'Core business solution encompassing design, manufacturing, installation, and maintenance of commercial HVAC systems', 'catalog');
INSERT INTO solutions (profile_id, id, name, description, status) VALUES ('mmc', 'svc-hvac-equip', 'Commercial HVAC Equipment', 'Industrial and commercial heating, ventilation, and air conditioning units designed for reliability and energy efficiency', 'catalog');
INSERT INTO solutions (profile_id, id, name, description, status) VALUES ('mmc', 'svc-hvac-parts', 'HVAC Parts & Components', 'Replacement parts, filters, and components for HVAC systems, available for direct purchase or through service contracts', 'catalog');
INSERT INTO solutions (profile_id, id, name, description, status) VALUES ('mmc', 'svc-rubigo', 'Rubigo ERM Platform', 'Internal enterprise resource management platform providing strategic alignment visibility, project portfolio oversight, resource capacity planning, and operational metrics tracking', 'catalog');

-- PRODUCTS
INSERT INTO products (profile_id, id, solution_id, version) VALUES ('mmc', 'prod-hvac-equip', 'svc-hvac-equip', '2024.1');
INSERT INTO products (profile_id, id, solution_id, version) VALUES ('mmc', 'prod-hvac-parts', 'svc-hvac-parts', '2024.2');

-- SERVICES
INSERT INTO services (profile_id, id, name, solution_id, service_level) VALUES ('mmc', 'svc-hvac-platform', 'HVAC Solutions Platform Service', 'a1b2c3', 'enterprise');
INSERT INTO services (profile_id, id, name, solution_id, service_level) VALUES ('mmc', 'svc-rubigo-svc', 'Rubigo ERM Platform Service', 'svc-rubigo', 'internal');

-- PROJECTS
INSERT INTO projects (profile_id, id, name, description, solution_id, status, start_date, end_date) VALUES ('mmc', 'd4e5f6', 'FY2025 Operational Excellence', 'Strategic initiative to improve operational efficiency, reduce service response times, and enhance customer satisfaction through digital transformation', 'a1b2c3', 'active', '2025-01-01', '2025-12-31');

-- OBJECTIVES
INSERT INTO objectives (profile_id, id, title, description, project_id, parent_id, status) VALUES ('mmc', 'obj-root', 'MMC 2025 Strategic Vision', 'Become the leading provider of smart, connected HVAC solutions in the Midwest through operational excellence, customer-centricity, and technological innovation', 'd4e5f6', NULL, 'active');
INSERT INTO objectives (profile_id, id, title, description, project_id, parent_id, status) VALUES ('mmc', 'obj-ops', 'Operations Excellence', 'Transform field operations through technology-enabled efficiency and predictive capabilities', 'd4e5f6', 'obj-root', 'active');
INSERT INTO objectives (profile_id, id, title, description, project_id, parent_id, status) VALUES ('mmc', 'obj-cust', 'Customer Experience', 'Deliver exceptional customer experiences across all touchpoints through digital transformation', 'd4e5f6', 'obj-root', 'active');
INSERT INTO objectives (profile_id, id, title, description, project_id, parent_id, status) VALUES ('mmc', 'obj-eng', 'Engineering Innovation', 'Drive product innovation and R&D excellence to maintain competitive advantage', 'd4e5f6', 'obj-root', 'active');
INSERT INTO objectives (profile_id, id, title, description, project_id, parent_id, status) VALUES ('mmc', 'obj-it', 'IT Modernization', 'Modernize IT infrastructure to enable digital transformation initiatives', 'd4e5f6', 'obj-root', 'active');
INSERT INTO objectives (profile_id, id, title, description, project_id, parent_id, status) VALUES ('mmc', 'obj-hr', 'Workforce Development', 'Build a skilled, engaged workforce ready for the digital future', 'd4e5f6', 'obj-root', 'active');
INSERT INTO objectives (profile_id, id, title, description, project_id, parent_id, status) VALUES ('mmc', 'obj-fin', 'Financial Performance', 'Achieve sustainable profitability growth while investing in future capabilities', 'd4e5f6', 'obj-root', 'active');
INSERT INTO objectives (profile_id, id, title, description, project_id, parent_id, status) VALUES ('mmc', '101a2b', 'Rapid Field Service Response', 'Customers experiencing equipment issues must receive on-site technician support within a timeframe that minimizes business disruption and demonstrates our commitment to their operations', 'd4e5f6', 'obj-ops', 'active');
INSERT INTO objectives (profile_id, id, title, description, project_id, parent_id, status) VALUES ('mmc', '202b3c', 'First-Visit Issue Resolution', 'Service visits must be equipped with the knowledge, tools, and parts necessary to resolve customer issues on the initial visit, avoiding costly follow-ups and extended downtime', 'd4e5f6', 'obj-ops', 'active');
INSERT INTO objectives (profile_id, id, title, description, project_id, parent_id, status) VALUES ('mmc', 'obj-ops-pred', 'Proactive Equipment Health Management', 'Equipment health must be continuously monitored to identify potential failures before they impact customer operations, enabling planned maintenance over reactive repairs', 'd4e5f6', 'obj-ops', 'active');
INSERT INTO objectives (profile_id, id, title, description, project_id, parent_id, status) VALUES ('mmc', 'obj-ops-dispatch', 'Intelligent Dispatch Optimization', 'Technician assignments must consider location, skills, parts availability, and customer priority to minimize travel time and maximize daily service capacity', 'd4e5f6', 'obj-ops', 'active');
INSERT INTO objectives (profile_id, id, title, description, project_id, parent_id, status) VALUES ('mmc', 'obj-ops-inventory', 'Parts and Inventory Excellence', 'Service vehicles and warehouses must maintain optimal inventory levels, ensuring parts availability while minimizing carrying costs and obsolescence', 'd4e5f6', 'obj-ops', 'active');
INSERT INTO objectives (profile_id, id, title, description, project_id, parent_id, status) VALUES ('mmc', '303c4d', 'Seamless Customer Journey', 'Every customer interaction—from initial inquiry through ongoing service—must feel cohesive, professional, and tailored to their specific needs and preferences', 'd4e5f6', 'obj-cust', 'active');
INSERT INTO objectives (profile_id, id, title, description, project_id, parent_id, status) VALUES ('mmc', 'obj-cust-portal', 'Customer Self-Service Capability', 'Customers must have the ability to independently manage service requests, monitor equipment status, access documentation, and track technician arrivals at their convenience', 'd4e5f6', 'obj-cust', 'active');
INSERT INTO objectives (profile_id, id, title, description, project_id, parent_id, status) VALUES ('mmc', 'obj-cust-comm', 'Proactive Customer Communication', 'Customers must receive timely, relevant updates about their equipment, service appointments, and technician arrival without needing to initiate contact', 'd4e5f6', 'obj-cust', 'active');
INSERT INTO objectives (profile_id, id, title, description, project_id, parent_id, status) VALUES ('mmc', 'obj-cust-feedback', 'Customer Voice Integration', 'Customer feedback must be systematically captured, analyzed, and acted upon to continuously improve service delivery and product quality', 'd4e5f6', 'obj-cust', 'active');
INSERT INTO objectives (profile_id, id, title, description, project_id, parent_id, status) VALUES ('mmc', 'obj-eng-iot', 'Connected Product Ecosystem', 'HVAC systems must integrate seamlessly with building management systems and provide remote visibility into performance, enabling data-driven maintenance and optimization', 'd4e5f6', 'obj-eng', 'active');
INSERT INTO objectives (profile_id, id, title, description, project_id, parent_id, status) VALUES ('mmc', 'obj-eng-energy', 'Energy-Efficient Product Design', 'Products must minimize energy consumption while maintaining or exceeding performance requirements, helping customers reduce operational costs and environmental impact', 'd4e5f6', 'obj-eng', 'active');
INSERT INTO objectives (profile_id, id, title, description, project_id, parent_id, status) VALUES ('mmc', 'obj-eng-quality', 'Product Reliability and Durability', 'Products must be designed and manufactured to exceed expected lifespan with minimal maintenance, reducing total cost of ownership for customers', 'd4e5f6', 'obj-eng', 'active');
INSERT INTO objectives (profile_id, id, title, description, project_id, parent_id, status) VALUES ('mmc', 'obj-eng-modular', 'Modular and Serviceable Design', 'Products must be designed for easy diagnosis, repair, and component replacement, minimizing service time and enabling field upgrades', 'd4e5f6', 'obj-eng', 'active');
INSERT INTO objectives (profile_id, id, title, description, project_id, parent_id, status) VALUES ('mmc', 'obj-it-cloud', 'Scalable Computing Infrastructure', 'Technology infrastructure must scale elastically to meet demand fluctuations, ensure high availability, and enable rapid deployment of new capabilities', 'd4e5f6', 'obj-it', 'active');
INSERT INTO objectives (profile_id, id, title, description, project_id, parent_id, status) VALUES ('mmc', 'obj-it-data', 'Unified Data Foundation', 'Enterprise data must be accessible, trustworthy, and governed—providing a single source of truth that enables analytics, automation, and informed decision-making', 'd4e5f6', 'obj-it', 'active');
INSERT INTO objectives (profile_id, id, title, description, project_id, parent_id, status) VALUES ('mmc', 'obj-it-security', 'Cybersecurity and Compliance', 'Systems and data must be protected from unauthorized access, breaches, and threats while meeting regulatory and industry compliance requirements', 'd4e5f6', 'obj-it', 'active');
INSERT INTO objectives (profile_id, id, title, description, project_id, parent_id, status) VALUES ('mmc', 'obj-it-business-systems', 'Enterprise Resource Management Software', 'A unified platform must provide visibility into strategic alignment, resource capacity, project portfolios, and operational metrics, eliminating data silos and enabling informed decision-making', 'd4e5f6', 'obj-it', 'active');
INSERT INTO objectives (profile_id, id, title, description, project_id, parent_id, status) VALUES ('mmc', 'obj-rubigo-admin', 'Platform Administration', 'System administrators must be able to manage platform configuration, user accounts, and foundational data that enables all other platform capabilities', 'd4e5f6', 'obj-it-business-systems', 'active');
INSERT INTO objectives (profile_id, id, title, description, project_id, parent_id, status) VALUES ('mmc', 'obj-rubigo-personnel', 'Personnel Directory Management', 'Administrators must be able to maintain an accurate personnel directory that reflects the organization''s current workforce, enabling effective resource allocation and communication', 'd4e5f6', 'obj-rubigo-admin', 'active');
INSERT INTO objectives (profile_id, id, title, description, project_id, parent_id, status) VALUES ('mmc', 'obj-rubigo-strategy', 'Strategic Alignment Visibility', 'Leadership must be able to see how projects, initiatives, and activities align to strategic objectives, enabling informed prioritization and resource decisions', 'd4e5f6', 'obj-it-business-systems', 'active');
INSERT INTO objectives (profile_id, id, title, description, project_id, parent_id, status) VALUES ('mmc', 'obj-rubigo-capacity', 'Resource Capacity Planning', 'The organization must have visibility into workforce capacity, skill availability, and allocation gaps to ensure initiatives are properly staffed', 'd4e5f6', 'obj-it-business-systems', 'active');
INSERT INTO objectives (profile_id, id, title, description, project_id, parent_id, status) VALUES ('mmc', 'obj-rubigo-portfolio', 'Project Portfolio Oversight', 'Management must have a comprehensive view of all projects, their status, dependencies, and resource consumption to optimize the portfolio', 'd4e5f6', 'obj-it-business-systems', 'active');
INSERT INTO objectives (profile_id, id, title, description, project_id, parent_id, status) VALUES ('mmc', 'obj-rubigo-metrics', 'Operational Metrics and KPIs', 'Key performance indicators must be tracked, visualized, and connected to strategic objectives to measure progress and identify areas needing attention', 'd4e5f6', 'obj-it-business-systems', 'active');
INSERT INTO objectives (profile_id, id, title, description, project_id, parent_id, status) VALUES ('mmc', 'obj-personnel-org-structure', 'Personnel Directory and Org Structure', 'The organization must maintain an accurate, accessible directory of personnel with reporting relationships, roles, skills, and contact information', 'd4e5f6', 'obj-it-business-systems', 'active');
INSERT INTO objectives (profile_id, id, title, description, project_id, parent_id, status) VALUES ('mmc', 'obj-rubigo-crm', 'Customer Relationship Management', 'Customer interactions, sales pipelines, and service history must be centrally managed to enable personalized engagement and data-driven decision making', 'd4e5f6', 'obj-it-business-systems', 'active');
INSERT INTO objectives (profile_id, id, title, description, project_id, parent_id, status) VALUES ('mmc', 'obj-rubigo-finance', 'Financial Operations Management', 'Financial, procurement, and supply chain operations must be managed through integrated systems that provide real-time visibility and control', 'd4e5f6', 'obj-it-business-systems', 'active');
INSERT INTO objectives (profile_id, id, title, description, project_id, parent_id, status) VALUES ('mmc', 'obj-rubigo-events', 'Event and Schedule Management', 'The organization must have a unified calendar system for scheduling, coordinating, and tracking events, meetings, deadlines, and milestones across teams and projects', 'd4e5f6', 'obj-it-business-systems', 'active');
INSERT INTO objectives (profile_id, id, title, description, project_id, parent_id, status) VALUES ('mmc', 'obj-hr-train', 'Technical Workforce Readiness', 'Technicians and engineers must possess current expertise in smart HVAC systems, diagnostic tools, and emerging technologies to deliver exceptional service', 'd4e5f6', 'obj-hr', 'active');
INSERT INTO objectives (profile_id, id, title, description, project_id, parent_id, status) VALUES ('mmc', 'obj-hr-retain', 'Engaged and Committed Workforce', 'Employees must feel valued, see clear career paths, and receive competitive compensation that reflects their contribution to customer success', 'd4e5f6', 'obj-hr', 'active');
INSERT INTO objectives (profile_id, id, title, description, project_id, parent_id, status) VALUES ('mmc', 'obj-hr-recruit', 'Talent Acquisition Pipeline', 'The organization must attract qualified candidates with the right skills and cultural fit to support growth and replace attrition', 'd4e5f6', 'obj-hr', 'active');
INSERT INTO objectives (profile_id, id, title, description, project_id, parent_id, status) VALUES ('mmc', 'obj-hr-safety', 'Workplace Safety Culture', 'Employees must work in environments that prioritize safety, with training and protocols that prevent incidents and protect well-being', 'd4e5f6', 'obj-hr', 'active');
INSERT INTO objectives (profile_id, id, title, description, project_id, parent_id, status) VALUES ('mmc', 'obj-hr-knowledge', 'Institutional Knowledge Preservation', 'Critical expertise and tribal knowledge must be documented and transferred to ensure continuity as employees transition', 'd4e5f6', 'obj-hr', 'active');
INSERT INTO objectives (profile_id, id, title, description, project_id, parent_id, status) VALUES ('mmc', 'obj-fin-margin', 'Sustainable Service Profitability', 'Service operations must generate margins that support continued investment in people, technology, and capabilities while delivering exceptional customer value', 'd4e5f6', 'obj-fin', 'active');
INSERT INTO objectives (profile_id, id, title, description, project_id, parent_id, status) VALUES ('mmc', 'obj-fin-recurring', 'Predictable Revenue Streams', 'The business model must emphasize subscription and maintenance contracts that provide stable, recurring revenue and strengthen long-term customer relationships', 'd4e5f6', 'obj-fin', 'active');
INSERT INTO objectives (profile_id, id, title, description, project_id, parent_id, status) VALUES ('mmc', 'obj-fin-cashflow', 'Healthy Cash Flow Management', 'Receivables, payables, and working capital must be managed to ensure liquidity and enable investment in growth opportunities', 'd4e5f6', 'obj-fin', 'active');
INSERT INTO objectives (profile_id, id, title, description, project_id, parent_id, status) VALUES ('mmc', 'obj-fin-visibility', 'Financial Visibility and Forecasting', 'Leadership must have real-time visibility into financial performance and accurate forecasts to make informed strategic decisions', 'd4e5f6', 'obj-fin', 'active');
INSERT INTO objectives (profile_id, id, title, description, project_id, parent_id, status) VALUES ('mmc', 'obj-rubigo-access', 'Attribute-Based Access Control', 'The platform must enforce fine-grained access control where data visibility is determined by subject attributes (clearance, tenants, roles) evaluated against object attributes (sensitivity, tenants, required roles)', 'd4e5f6', 'obj-it-security', 'active');
INSERT INTO objectives (profile_id, id, title, description, project_id, parent_id, status) VALUES ('mmc', 'obj-rubigo-sensitivity', 'Sensitivity Classification', 'All platform data must be classified by sensitivity level (public, low, moderate, high), and users must have appropriate clearance to access data at each level', 'd4e5f6', 'obj-rubigo-access', 'active');
INSERT INTO objectives (profile_id, id, title, description, project_id, parent_id, status) VALUES ('mmc', 'obj-rubigo-tenants', 'Tenant Compartmentalization', 'Sensitive programs or compartments (represented by fruit emojis) can be assigned to data, and users must have specific tenant access at the appropriate sensitivity level', 'd4e5f6', 'obj-rubigo-access', 'active');
INSERT INTO objectives (profile_id, id, title, description, project_id, parent_id, status) VALUES ('mmc', 'obj-rubigo-roles', 'Role-Based Access Constraints', 'Data can require specific roles for access, and users must possess all required roles to view or modify that data', 'd4e5f6', 'obj-rubigo-access', 'active');
INSERT INTO objectives (profile_id, id, title, description, project_id, parent_id, status) VALUES ('mmc', 'obj-rubigo-audit', 'Comprehensive Access Audit', 'All data access operations (create, read, update, delete) must be logged with subject, object, action, and outcome for security auditing', 'd4e5f6', 'obj-rubigo-access', 'active');
INSERT INTO objectives (profile_id, id, title, description, project_id, parent_id, status) VALUES ('mmc', 'obj-rubigo-classification', 'Classification Guidance', 'The platform must provide classification guides that help users understand how to correctly classify data by sensitivity, tenant, and role requirements', 'd4e5f6', 'obj-rubigo-access', 'active');
INSERT INTO objectives (profile_id, id, title, description, project_id, parent_id, status) VALUES ('mmc', 'obj-rubigo-integration', 'Platform Integration and Extensibility', 'Rubigo must provide programmatic access to its data and functionality, enabling integration with external tools, automation systems, and AI agents', 'd4e5f6', 'obj-it-business-systems', 'active');

-- FEATURES
INSERT INTO features (profile_id, id, name, description, objective_id, status) VALUES ('mmc', 'f01a23', 'Real-time Technician Tracking', 'GPS-enabled tracking of field technicians for optimal dispatch', '101a2b', 'in_progress');
INSERT INTO features (profile_id, id, name, description, objective_id, status) VALUES ('mmc', 'f02b34', 'Predictive Parts Inventory', 'ML-based prediction of required parts for common equipment issues', '202b3c', 'planned');
INSERT INTO features (profile_id, id, name, description, objective_id, status) VALUES ('mmc', 'f03c45', 'Customer Portal', 'Self-service portal for service requests, status tracking, and feedback', '303c4d', 'in_progress');
INSERT INTO features (profile_id, id, name, description, objective_id, status) VALUES ('mmc', 'feat-personnel-crud', 'Personnel CRUD Operations', 'Create, read, update, delete capabilities for personnel records', 'obj-rubigo-personnel', 'in_progress');
INSERT INTO features (profile_id, id, name, description, objective_id, status) VALUES ('mmc', 'feat-calendar-crud', 'Calendar Event CRUD', 'Create, read, update, delete calendar events with full event details', 'obj-calendar-core', 'planned');
INSERT INTO features (profile_id, id, name, description, objective_id, status) VALUES ('mmc', 'feat-calendar-recurrence', 'Recurring Event Management', 'Support for daily, weekly, monthly, yearly recurrence with instance deviations', 'obj-calendar-recurrence', 'planned');
INSERT INTO features (profile_id, id, name, description, objective_id, status) VALUES ('mmc', 'feat-calendar-views', 'Calendar View Modes', 'Month view grid, week view, and day view with time slots', 'obj-calendar-views', 'planned');
INSERT INTO features (profile_id, id, name, description, objective_id, status) VALUES ('mmc', 'feat-calendar-navigation', 'Calendar Navigation', 'Navigate between months/weeks, jump to today, work week toggle', 'obj-calendar-views', 'planned');
INSERT INTO features (profile_id, id, name, description, objective_id, status) VALUES ('mmc', 'feat-calendar-participants', 'Event Participants', 'Assign organizers and participants to events', 'obj-calendar-core', 'planned');
INSERT INTO features (profile_id, id, name, description, objective_id, status) VALUES ('mmc', 'feat-calendar-timezone', 'Event Timezone Management', 'Select event timezone and display local time conversion when event timezone differs from user''s local timezone', 'obj-calendar-core', 'planned');
INSERT INTO features (profile_id, id, name, description, objective_id, status) VALUES ('mmc', 'feat-calendar-day-view', 'Day View Mode', 'Single day view with hourly time slots for detailed daily schedule', 'obj-calendar-views', 'planned');
INSERT INTO features (profile_id, id, name, description, objective_id, status) VALUES ('mmc', 'feat-calendar-all-day', 'All Day Events', 'Mark events as all-day to display without specific times', 'obj-calendar-core', 'planned');
INSERT INTO features (profile_id, id, name, description, objective_id, status) VALUES ('mmc', 'feat-calendar-overlap', 'Overlapping Event Display', 'Display overlapping events side-by-side in day and week views with proper lane assignment', 'obj-calendar-views', 'in_progress');
INSERT INTO features (profile_id, id, name, description, objective_id, status) VALUES ('mmc', 'feat-calendar-current-time', 'Current Time Indicator', 'Display a real-time indicator showing the current time in Day view, automatically updating without page refresh', 'obj-calendar-views', 'in_progress');
INSERT INTO features (profile_id, id, name, description, objective_id, status) VALUES ('mmc', 'feat-email-compose', 'Email Composition', 'Compose and send messages to personnel or custom email addresses with plain text body', 'obj-email-core', 'in_progress');
INSERT INTO features (profile_id, id, name, description, objective_id, status) VALUES ('mmc', 'feat-email-recipients', 'Recipient Selection', 'Select recipients from personnel directory or enter custom email addresses', 'obj-email-core', 'in_progress');
INSERT INTO features (profile_id, id, name, description, objective_id, status) VALUES ('mmc', 'feat-email-inbox', 'Email Inbox', 'View received messages with sender, subject, preview, and timestamp', 'obj-email-core', 'in_progress');
INSERT INTO features (profile_id, id, name, description, objective_id, status) VALUES ('mmc', 'feat-email-reading', 'Email Reading', 'View full email content with sender info, timestamp, and message body', 'obj-email-core', 'in_progress');
INSERT INTO features (profile_id, id, name, description, objective_id, status) VALUES ('mmc', 'feat-email-thread', 'Email Threading', 'View and reply to message threads/conversations with full context', 'obj-email-threading', 'in_progress');
INSERT INTO features (profile_id, id, name, description, objective_id, status) VALUES ('mmc', 'feat-email-folders', 'Email Folders', 'Organize messages in Inbox, Sent, Drafts, and Trash folders', 'obj-email-organization', 'in_progress');
INSERT INTO features (profile_id, id, name, description, objective_id, status) VALUES ('mmc', 'feat-email-search', 'Email Search', 'Search messages by sender, subject, and content', 'obj-email-organization', 'in_progress');
INSERT INTO features (profile_id, id, name, description, objective_id, status) VALUES ('mmc', 'feat-chat-dm', 'Direct Messages', 'One-on-one messaging between users', 'obj-chat-core', 'planned');
INSERT INTO features (profile_id, id, name, description, objective_id, status) VALUES ('mmc', 'feat-chat-channels', 'Chat Channels', 'Group conversations organized by topic or team', 'obj-chat-core', 'planned');
INSERT INTO features (profile_id, id, name, description, objective_id, status) VALUES ('mmc', 'feat-chat-messages', 'Message Composition', 'Send messages with text, emoji, and formatting', 'obj-chat-core', 'planned');
INSERT INTO features (profile_id, id, name, description, objective_id, status) VALUES ('mmc', 'feat-chat-reactions', 'Message Reactions', 'React to messages with emoji', 'obj-chat-engagement', 'planned');
INSERT INTO features (profile_id, id, name, description, objective_id, status) VALUES ('mmc', 'feat-chat-threads', 'Threaded Replies', 'Reply to specific messages in a thread', 'obj-chat-engagement', 'planned');
INSERT INTO features (profile_id, id, name, description, objective_id, status) VALUES ('mmc', 'feat-chat-presence', 'User Presence', 'See online/offline status of colleagues', 'obj-chat-core', 'planned');
INSERT INTO features (profile_id, id, name, description, objective_id, status) VALUES ('mmc', 'feat-screenshare-start', 'Screen Share Session', 'Start and stop screen sharing with selected participants', 'obj-screenshare-core', 'planned');
INSERT INTO features (profile_id, id, name, description, objective_id, status) VALUES ('mmc', 'feat-screenshare-view', 'Screen Share Viewer', 'View shared screens from other users', 'obj-screenshare-core', 'planned');
INSERT INTO features (profile_id, id, name, description, objective_id, status) VALUES ('mmc', 'feat-screenshare-chat', 'Screen Share from Chat', 'Initiate screen sharing directly from a chat conversation', 'obj-screenshare-core', 'planned');
INSERT INTO features (profile_id, id, name, description, objective_id, status) VALUES ('mmc', 'feat-aco-schema', 'Access Control Object Schema', 'Every data table has an ACO (indexed JSON) and SCO (metadata JSON) column for access control', 'obj-rubigo-access', 'planned');
INSERT INTO features (profile_id, id, name, description, objective_id, status) VALUES ('mmc', 'feat-sensitivity-levels', 'Sensitivity Level Enforcement', 'Users can only access data with sensitivity at or below their clearance level', 'obj-rubigo-sensitivity', 'planned');
INSERT INTO features (profile_id, id, name, description, objective_id, status) VALUES ('mmc', 'feat-tenant-access', 'Tenant Compartment Enforcement', 'Users can only access data in tenants they have been granted access to at the appropriate level', 'obj-rubigo-tenants', 'planned');
INSERT INTO features (profile_id, id, name, description, objective_id, status) VALUES ('mmc', 'feat-role-requirements', 'Role Requirement Enforcement', 'Users must have all required roles to access data that specifies role requirements', 'obj-rubigo-roles', 'planned');
INSERT INTO features (profile_id, id, name, description, objective_id, status) VALUES ('mmc', 'feat-access-logging', 'Access Logging', 'All data access operations are logged with full context for audit purposes', 'obj-rubigo-audit', 'planned');
INSERT INTO features (profile_id, id, name, description, objective_id, status) VALUES ('mmc', 'feat-classification-guides', 'Classification Guide Management', 'Administrators can create and manage classification guides that provide English-level descriptions of how to classify data', 'obj-rubigo-classification', 'planned');
INSERT INTO features (profile_id, id, name, description, objective_id, status) VALUES ('mmc', 'feat-aco-modification', 'ACO Modification', 'Users can modify the access control settings of records they can access, within their clearance limits', 'obj-rubigo-access', 'planned');
INSERT INTO features (profile_id, id, name, description, objective_id, status) VALUES ('mmc', 'feat-mcp-server', 'MCP Server Integration', 'Model Context Protocol server that exposes Rubigo data entities as resources and provides tools for CRUD operations, enabling AI agents and LLM-based tools to interact with the platform', 'obj-rubigo-integration', 'planned');

-- RULES
INSERT INTO rules (profile_id, id, feature_id, role, requirement, reason, status) VALUES ('mmc', 'rule-001', 'f01a23', 'Dispatch Coordinator', 'see real-time technician locations on a map', 'assign the nearest available technician to emergency calls', 'active');
INSERT INTO rules (profile_id, id, feature_id, role, requirement, reason, status) VALUES ('mmc', 'rule-002', 'f01a23', 'Field Technician', 'receive optimal route guidance to my next job', 'minimize travel time and arrive faster', 'active');
INSERT INTO rules (profile_id, id, feature_id, role, requirement, reason, status) VALUES ('mmc', 'rule-003', 'f02b34', 'Service Manager', 'see predicted parts needs for scheduled service visits', 'ensure technicians have required parts before dispatch', 'draft');
INSERT INTO rules (profile_id, id, feature_id, role, requirement, reason, status) VALUES ('mmc', 'rule-004', 'f03c45', 'Customer', 'view the status of my service request online', 'know when to expect the technician without calling', 'active');
INSERT INTO rules (profile_id, id, feature_id, role, requirement, reason, status) VALUES ('mmc', 'rule-005', 'f03c45', 'Customer', 'submit a new service request through the portal', 'request service outside of business hours', 'active');
INSERT INTO rules (profile_id, id, feature_id, role, requirement, reason, status) VALUES ('mmc', 'rule-personnel-view', 'feat-personnel-crud', 'Platform User', 'browse and search the personnel directory', 'find contact information and organizational relationships', 'active');
INSERT INTO rules (profile_id, id, feature_id, role, requirement, reason, status) VALUES ('mmc', 'rule-personnel-create', 'feat-personnel-crud', 'Platform Administrator', 'add new personnel records to the directory', 'onboard new employees and keep the directory current', 'active');
INSERT INTO rules (profile_id, id, feature_id, role, requirement, reason, status) VALUES ('mmc', 'rule-personnel-edit', 'feat-personnel-crud', 'Platform Administrator', 'modify existing personnel records', 'update role changes, contact information, and organizational assignments', 'active');
INSERT INTO rules (profile_id, id, feature_id, role, requirement, reason, status) VALUES ('mmc', 'rule-personnel-delete', 'feat-personnel-crud', 'Platform Administrator', 'remove personnel records from the directory', 'maintain accuracy when employees leave the organization', 'active');
INSERT INTO rules (profile_id, id, feature_id, role, requirement, reason, status) VALUES ('mmc', 'rule-personnel-contact', 'feat-personnel-crud', 'Platform User', 'see phone numbers for personnel', 'reach colleagues by phone for urgent matters', 'draft');
INSERT INTO rules (profile_id, id, feature_id, role, requirement, reason, status) VALUES ('mmc', 'rule-personnel-location', 'feat-personnel-crud', 'Platform User', 'see where each person is located (site, building, floor, space)', 'find colleagues for in-person meetings', 'draft');
INSERT INTO rules (profile_id, id, feature_id, role, requirement, reason, status) VALUES ('mmc', 'rule-personnel-hierarchy', 'feat-personnel-crud', 'Platform User', 'see each person''s manager relationship', 'understand organizational reporting structure', 'draft');
INSERT INTO rules (profile_id, id, feature_id, role, requirement, reason, status) VALUES ('mmc', 'rule-personnel-photo', 'feat-personnel-crud', 'Platform Administrator', 'upload and manage personnel photos', 'help employees identify colleagues by face', 'draft');
INSERT INTO rules (profile_id, id, feature_id, role, requirement, reason, status) VALUES ('mmc', 'rule-solution-list', 'feat-solution-mgmt', 'Platform User', 'browse the solution catalog showing all products and services', 'understand what offerings are available', 'active');
INSERT INTO rules (profile_id, id, feature_id, role, requirement, reason, status) VALUES ('mmc', 'rule-solution-crud', 'feat-solution-mgmt', 'Platform Administrator', 'create, edit, and delete solutions in the catalog', 'manage the portfolio of products and services', 'active');
INSERT INTO rules (profile_id, id, feature_id, role, requirement, reason, status) VALUES ('mmc', 'rule-project-list', 'feat-project-mgmt', 'Platform User', 'browse projects organized by solution', 'understand what initiatives are underway', 'active');
INSERT INTO rules (profile_id, id, feature_id, role, requirement, reason, status) VALUES ('mmc', 'rule-project-crud', 'feat-project-mgmt', 'Platform Administrator', 'create, edit, and delete projects linked to solutions', 'manage strategic initiatives and their alignment', 'active');
INSERT INTO rules (profile_id, id, feature_id, role, requirement, reason, status) VALUES ('mmc', 'rule-objective-list', 'feat-objective-mgmt', 'Platform User', 'browse objectives for a project in hierarchical view', 'understand the strategic goals and their breakdown', 'active');
INSERT INTO rules (profile_id, id, feature_id, role, requirement, reason, status) VALUES ('mmc', 'rule-objective-crud', 'feat-objective-mgmt', 'Platform Administrator', 'create, edit, and delete objectives with parent-child relationships', 'define and maintain the strategic objective hierarchy', 'active');
INSERT INTO rules (profile_id, id, feature_id, role, requirement, reason, status) VALUES ('mmc', 'rule-initiative-list', 'feat-initiative-mgmt', 'Platform User', 'browse initiatives with their linked KPIs', 'understand tactical efforts and how they''re measured', 'active');
INSERT INTO rules (profile_id, id, feature_id, role, requirement, reason, status) VALUES ('mmc', 'rule-initiative-crud', 'feat-initiative-mgmt', 'Platform Administrator', 'create, edit, and delete initiatives linked to KPIs', 'manage tactical execution and performance tracking', 'active');
INSERT INTO rules (profile_id, id, feature_id, role, requirement, reason, status) VALUES ('mmc', 'rule-activity-list', 'feat-activity-mgmt', 'Platform User', 'browse activities with capacity and allocation information', 'understand workload and resource assignments', 'active');
INSERT INTO rules (profile_id, id, feature_id, role, requirement, reason, status) VALUES ('mmc', 'rule-activity-crud', 'feat-activity-mgmt', 'Platform Administrator', 'create, edit, and delete activities under initiatives', 'manage work breakdown and task planning', 'active');
INSERT INTO rules (profile_id, id, feature_id, role, requirement, reason, status) VALUES ('mmc', 'rule-capacity-viz', 'feat-activity-mgmt', 'Platform User', 'see capacity gap showing FTE required vs FTE allocated', 'identify understaffed activities that need attention', 'active');
INSERT INTO rules (profile_id, id, feature_id, role, requirement, reason, status) VALUES ('mmc', 'rule-metric-list', 'feat-metrics-kpis', 'Platform User', 'browse defined metrics with their units and current values', 'understand operational measurements being tracked', 'active');
INSERT INTO rules (profile_id, id, feature_id, role, requirement, reason, status) VALUES ('mmc', 'rule-kpi-list', 'feat-metrics-kpis', 'Platform User', 'browse KPIs with their target metrics and thresholds', 'monitor performance against strategic goals', 'active');
INSERT INTO rules (profile_id, id, feature_id, role, requirement, reason, status) VALUES ('mmc', 'rule-calendar-list', 'feat-calendar-crud', 'Platform User', 'view all calendar events in a visual calendar format', 'understand my schedule and upcoming commitments', 'draft');
INSERT INTO rules (profile_id, id, feature_id, role, requirement, reason, status) VALUES ('mmc', 'rule-calendar-create', 'feat-calendar-crud', 'Platform User', 'create a new calendar event with title, date/time, and optional details', 'schedule meetings and appointments', 'draft');
INSERT INTO rules (profile_id, id, feature_id, role, requirement, reason, status) VALUES ('mmc', 'rule-calendar-view-detail', 'feat-calendar-crud', 'Platform User', 'view full details of a calendar event', 'see location, participants, and description', 'draft');
INSERT INTO rules (profile_id, id, feature_id, role, requirement, reason, status) VALUES ('mmc', 'rule-calendar-edit', 'feat-calendar-crud', 'Event Organizer', 'modify an existing calendar event', 'update meeting details as plans change', 'draft');
INSERT INTO rules (profile_id, id, feature_id, role, requirement, reason, status) VALUES ('mmc', 'rule-calendar-delete', 'feat-calendar-crud', 'Event Organizer', 'delete a calendar event', 'remove cancelled meetings from the schedule', 'draft');
INSERT INTO rules (profile_id, id, feature_id, role, requirement, reason, status) VALUES ('mmc', 'rule-calendar-recurrence-create', 'feat-calendar-recurrence', 'Platform User', 'create recurring events with daily, weekly, monthly, or yearly frequency', 'schedule repetitive meetings without manual entry', 'draft');
INSERT INTO rules (profile_id, id, feature_id, role, requirement, reason, status) VALUES ('mmc', 'rule-calendar-recurrence-days', 'feat-calendar-recurrence', 'Platform User', 'specify which days of the week for weekly recurring events', 'schedule meetings that occur on specific days like Mon/Wed/Fri', 'draft');
INSERT INTO rules (profile_id, id, feature_id, role, requirement, reason, status) VALUES ('mmc', 'rule-calendar-instance-cancel', 'feat-calendar-recurrence', 'Event Organizer', 'cancel a single instance of a recurring event', 'skip one occurrence without deleting the entire series', 'draft');
INSERT INTO rules (profile_id, id, feature_id, role, requirement, reason, status) VALUES ('mmc', 'rule-calendar-instance-modify', 'feat-calendar-recurrence', 'Event Organizer', 'modify a single instance of a recurring event', 'change the time or location for one occurrence', 'draft');
INSERT INTO rules (profile_id, id, feature_id, role, requirement, reason, status) VALUES ('mmc', 'rule-calendar-recurrence-until', 'feat-calendar-recurrence', 'Platform User', 'set an end date for recurring events', 'limit recurring events to a specific time period', 'draft');
INSERT INTO rules (profile_id, id, feature_id, role, requirement, reason, status) VALUES ('mmc', 'rule-calendar-instance-move', 'feat-calendar-recurrence', 'Event Organizer', 'move a single instance of a recurring event to a different date', 'reschedule one occurrence without affecting the rest of the series', 'draft');
INSERT INTO rules (profile_id, id, feature_id, role, requirement, reason, status) VALUES ('mmc', 'rule-calendar-series-edit', 'feat-calendar-recurrence', 'Event Organizer', 'edit all instances of a recurring event series at once', 'update recurring event details without modifying each instance separately', 'draft');
INSERT INTO rules (profile_id, id, feature_id, role, requirement, reason, status) VALUES ('mmc', 'rule-calendar-recurring-delete-choice', 'feat-calendar-recurrence', 'Event Organizer', 'be presented with options to delete just this occurrence or all occurrences when deleting a recurring event', 'avoid accidentally deleting an entire series when intending to skip one meeting', 'draft');
INSERT INTO rules (profile_id, id, feature_id, role, requirement, reason, status) VALUES ('mmc', 'rule-calendar-recurring-edit-choice', 'feat-calendar-recurrence', 'Event Organizer', 'be presented with options to edit just this occurrence or all occurrences when editing a recurring event', 'clearly distinguish between modifying one instance vs changing the entire series', 'draft');
INSERT INTO rules (profile_id, id, feature_id, role, requirement, reason, status) VALUES ('mmc', 'rule-calendar-month-view', 'feat-calendar-views', 'Platform User', 'view the calendar in month grid format showing all events as pills', 'see an overview of the entire month', 'draft');
INSERT INTO rules (profile_id, id, feature_id, role, requirement, reason, status) VALUES ('mmc', 'rule-calendar-week-view', 'feat-calendar-views', 'Platform User', 'view the calendar in week format with time slots', 'see detailed daily schedule with time positioning', 'draft');
INSERT INTO rules (profile_id, id, feature_id, role, requirement, reason, status) VALUES ('mmc', 'rule-calendar-workweek', 'feat-calendar-views', 'Platform User', 'toggle between full week and work week (Mon-Fri) display', 'focus on business days without weekend clutter', 'draft');
INSERT INTO rules (profile_id, id, feature_id, role, requirement, reason, status) VALUES ('mmc', 'rule-calendar-day-view', 'feat-calendar-day-view', 'Platform User', 'view the calendar in single day format with hourly time slots', 'focus on one day''s detailed schedule', 'draft');
INSERT INTO rules (profile_id, id, feature_id, role, requirement, reason, status) VALUES ('mmc', 'rule-calendar-day-nav', 'feat-calendar-day-view', 'Platform User', 'navigate forward and backward through individual days', 'view past and future daily schedules', 'draft');
INSERT INTO rules (profile_id, id, feature_id, role, requirement, reason, status) VALUES ('mmc', 'rule-calendar-all-day-toggle', 'feat-calendar-all-day', 'Platform User', 'toggle an event as ''All Day'' when creating or editing', 'schedule events that span the entire day without specific times', 'draft');
INSERT INTO rules (profile_id, id, feature_id, role, requirement, reason, status) VALUES ('mmc', 'rule-calendar-all-day-display', 'feat-calendar-all-day', 'Platform User', 'see all-day events displayed without time information', 'quickly identify full-day events vs timed events', 'draft');
INSERT INTO rules (profile_id, id, feature_id, role, requirement, reason, status) VALUES ('mmc', 'rule-calendar-all-day-form', 'feat-calendar-all-day', 'Platform User', 'have time fields hidden when creating an all-day event', 'simplify the form when times are not relevant', 'draft');
INSERT INTO rules (profile_id, id, feature_id, role, requirement, reason, status) VALUES ('mmc', 'rule-calendar-instance-no-recurrence', 'feat-calendar-recurrence', 'Event Organizer', 'not see recurrence options when editing a single instance', 'avoid confusion by only allowing recurrence changes when editing all occurrences', 'draft');
INSERT INTO rules (profile_id, id, feature_id, role, requirement, reason, status) VALUES ('mmc', 'rule-calendar-overlap-side-by-side', 'feat-calendar-overlap', 'Platform User', 'see overlapping events displayed side-by-side in day and week views', 'quickly identify scheduling conflicts and compare overlapping commitments', 'active');
INSERT INTO rules (profile_id, id, feature_id, role, requirement, reason, status) VALUES ('mmc', 'rule-calendar-overlap-duration-height', 'feat-calendar-overlap', 'Platform User', 'see event height proportional to duration in day and week views', 'visually understand how much time each event occupies', 'active');
INSERT INTO rules (profile_id, id, feature_id, role, requirement, reason, status) VALUES ('mmc', 'rule-calendar-overlap-lanes', 'feat-calendar-overlap', 'Platform User', 'see overlapping events split into equal-width columns (lanes)', 'make the most efficient use of horizontal space for conflicting events', 'active');
INSERT INTO rules (profile_id, id, feature_id, role, requirement, reason, status) VALUES ('mmc', 'rule-calendar-time-indicator-visible', 'feat-calendar-current-time', 'Platform User', 'see a colored bar indicating the current time when viewing today in Day view', 'quickly understand where I am in the day relative to my scheduled events', 'active');
INSERT INTO rules (profile_id, id, feature_id, role, requirement, reason, status) VALUES ('mmc', 'rule-calendar-time-indicator-realtime', 'feat-calendar-current-time', 'Platform User', 'see the time indicator update automatically without refreshing the page', 'always have an accurate view of the current time without manual action', 'active');
INSERT INTO rules (profile_id, id, feature_id, role, requirement, reason, status) VALUES ('mmc', 'rule-calendar-time-indicator-today-only', 'feat-calendar-current-time', 'Platform User', 'only see the time indicator when viewing today''s date', 'avoid confusion when viewing past or future days', 'active');
INSERT INTO rules (profile_id, id, feature_id, role, requirement, reason, status) VALUES ('mmc', 'rule-calendar-navigate', 'feat-calendar-navigation', 'Platform User', 'navigate forward and backward through months or weeks', 'view past and future schedules', 'draft');
INSERT INTO rules (profile_id, id, feature_id, role, requirement, reason, status) VALUES ('mmc', 'rule-calendar-today', 'feat-calendar-navigation', 'Platform User', 'jump directly to today''s date', 'quickly return to current schedule after browsing', 'draft');
INSERT INTO rules (profile_id, id, feature_id, role, requirement, reason, status) VALUES ('mmc', 'rule-calendar-add-participants', 'feat-calendar-participants', 'Event Organizer', 'add personnel as participants to an event', 'invite colleagues to meetings', 'draft');
INSERT INTO rules (profile_id, id, feature_id, role, requirement, reason, status) VALUES ('mmc', 'rule-calendar-timezone-select', 'feat-calendar-timezone', 'Platform User', 'select a timezone for a calendar event when creating or editing', 'schedule events in the appropriate timezone regardless of current location', 'draft');
INSERT INTO rules (profile_id, id, feature_id, role, requirement, reason, status) VALUES ('mmc', 'rule-calendar-timezone-local-preview', 'feat-calendar-timezone', 'Platform User', 'see a local time preview when the event timezone differs from my local timezone', 'understand when the event will occur in my local time without manual conversion', 'draft');
INSERT INTO rules (profile_id, id, feature_id, role, requirement, reason, status) VALUES ('mmc', 'rule-calendar-timezone-details', 'feat-calendar-timezone', 'Platform User', 'see both event timezone time and my local time in the event details panel when timezones differ', 'quickly understand event timing in both the organizer''s and my own timezone', 'draft');
INSERT INTO rules (profile_id, id, feature_id, role, requirement, reason, status) VALUES ('mmc', 'rule-email-compose', 'feat-email-compose', 'Platform User', 'compose a new email with recipients, subject, and body', 'communicate with colleagues and contacts', 'draft');
INSERT INTO rules (profile_id, id, feature_id, role, requirement, reason, status) VALUES ('mmc', 'rule-email-recipient-personnel', 'feat-email-recipients', 'Platform User', 'search and select recipients from the personnel directory using type-ahead search', 'easily find and address colleagues without remembering email addresses', 'draft');
INSERT INTO rules (profile_id, id, feature_id, role, requirement, reason, status) VALUES ('mmc', 'rule-email-recipient-custom', 'feat-email-recipients', 'Platform User', 'enter a custom email address as a recipient', 'contact external parties or addresses not in the directory', 'draft');
INSERT INTO rules (profile_id, id, feature_id, role, requirement, reason, status) VALUES ('mmc', 'rule-email-recipient-multiple', 'feat-email-recipients', 'Platform User', 'add multiple recipients (To, CC, BCC) to a single email', 'send the same message to multiple people', 'draft');
INSERT INTO rules (profile_id, id, feature_id, role, requirement, reason, status) VALUES ('mmc', 'rule-email-send', 'feat-email-compose', 'Platform User', 'send the composed email to all selected recipients', 'deliver my message', 'draft');
INSERT INTO rules (profile_id, id, feature_id, role, requirement, reason, status) VALUES ('mmc', 'rule-email-drafts-save', 'feat-email-folders', 'Platform User', 'save an email as a draft to finish later', 'continue composing when I have more time', 'draft');
INSERT INTO rules (profile_id, id, feature_id, role, requirement, reason, status) VALUES ('mmc', 'rule-email-drafts-edit', 'feat-email-folders', 'Platform User', 'open and continue editing a saved draft', 'complete and send a message I started earlier', 'draft');
INSERT INTO rules (profile_id, id, feature_id, role, requirement, reason, status) VALUES ('mmc', 'rule-email-inbox-view', 'feat-email-inbox', 'Platform User', 'view my inbox with unread indicators, sender names, subjects, preview text, and timestamps', 'quickly scan new messages and prioritize what to read', 'draft');
INSERT INTO rules (profile_id, id, feature_id, role, requirement, reason, status) VALUES ('mmc', 'rule-email-unread-count', 'feat-email-inbox', 'Platform User', 'see the count of unread messages in my inbox', 'know how many new messages await my attention', 'draft');
INSERT INTO rules (profile_id, id, feature_id, role, requirement, reason, status) VALUES ('mmc', 'rule-email-read', 'feat-email-reading', 'Platform User', 'open and read a full email message with sender, date, recipients, and body', 'understand the complete communication', 'draft');
INSERT INTO rules (profile_id, id, feature_id, role, requirement, reason, status) VALUES ('mmc', 'rule-email-mark-read', 'feat-email-reading', 'Platform User', 'have emails marked as read when I open them', 'track which messages I have already reviewed', 'draft');
INSERT INTO rules (profile_id, id, feature_id, role, requirement, reason, status) VALUES ('mmc', 'rule-email-reply', 'feat-email-thread', 'Platform User', 'reply to an email maintaining the conversation thread', 'continue the discussion in context', 'draft');
INSERT INTO rules (profile_id, id, feature_id, role, requirement, reason, status) VALUES ('mmc', 'rule-email-reply-all', 'feat-email-thread', 'Platform User', 'reply to all recipients of an email', 'keep everyone in the conversation informed', 'draft');
INSERT INTO rules (profile_id, id, feature_id, role, requirement, reason, status) VALUES ('mmc', 'rule-email-forward', 'feat-email-thread', 'Platform User', 'forward an email to other recipients with original content preserved', 'share relevant information with others who were not on the original message', 'draft');
INSERT INTO rules (profile_id, id, feature_id, role, requirement, reason, status) VALUES ('mmc', 'rule-email-thread-view', 'feat-email-thread', 'Platform User', 'view all messages in a conversation thread together in chronological order', 'see the full context of a discussion', 'draft');
INSERT INTO rules (profile_id, id, feature_id, role, requirement, reason, status) VALUES ('mmc', 'rule-email-folder-nav', 'feat-email-folders', 'Platform User', 'navigate between Inbox, Sent, Drafts, and Trash folders', 'access different categories of messages', 'draft');
INSERT INTO rules (profile_id, id, feature_id, role, requirement, reason, status) VALUES ('mmc', 'rule-email-sent-view', 'feat-email-folders', 'Platform User', 'view emails I have sent in the Sent folder', 'reference past communications I initiated', 'draft');
INSERT INTO rules (profile_id, id, feature_id, role, requirement, reason, status) VALUES ('mmc', 'rule-email-delete', 'feat-email-folders', 'Platform User', 'move messages to trash', 'remove unwanted messages from my inbox', 'draft');
INSERT INTO rules (profile_id, id, feature_id, role, requirement, reason, status) VALUES ('mmc', 'rule-email-trash-view', 'feat-email-folders', 'Platform User', 'view and recover deleted messages from Trash', 'retrieve accidentally deleted emails', 'draft');
INSERT INTO rules (profile_id, id, feature_id, role, requirement, reason, status) VALUES ('mmc', 'rule-email-search', 'feat-email-search', 'Platform User', 'search emails by keyword matching sender name, subject, or body content', 'find specific messages quickly', 'draft');
INSERT INTO rules (profile_id, id, feature_id, role, requirement, reason, status) VALUES ('mmc', 'rule-chat-dm-start', 'feat-chat-dm', 'Platform User', 'start a direct message conversation with a colleague', 'have a private one-on-one discussion', 'draft');
INSERT INTO rules (profile_id, id, feature_id, role, requirement, reason, status) VALUES ('mmc', 'rule-chat-channel-create', 'feat-chat-channels', 'Platform User', 'create a new channel with a name and optional description', 'organize team conversations by topic', 'draft');
INSERT INTO rules (profile_id, id, feature_id, role, requirement, reason, status) VALUES ('mmc', 'rule-chat-channel-join', 'feat-chat-channels', 'Platform User', 'browse and join available channels', 'participate in relevant team discussions', 'draft');
INSERT INTO rules (profile_id, id, feature_id, role, requirement, reason, status) VALUES ('mmc', 'rule-chat-send', 'feat-chat-messages', 'Platform User', 'send a message to a DM or channel', 'communicate with colleagues in real-time', 'draft');
INSERT INTO rules (profile_id, id, feature_id, role, requirement, reason, status) VALUES ('mmc', 'rule-chat-emoji', 'feat-chat-messages', 'Platform User', 'insert emoji into messages', 'express emotions and add personality', 'draft');
INSERT INTO rules (profile_id, id, feature_id, role, requirement, reason, status) VALUES ('mmc', 'rule-chat-react', 'feat-chat-reactions', 'Platform User', 'add an emoji reaction to any message', 'acknowledge or respond without typing a full message', 'draft');
INSERT INTO rules (profile_id, id, feature_id, role, requirement, reason, status) VALUES ('mmc', 'rule-chat-thread-reply', 'feat-chat-threads', 'Platform User', 'reply to a specific message starting a thread', 'have focused discussions without cluttering the main channel', 'draft');
INSERT INTO rules (profile_id, id, feature_id, role, requirement, reason, status) VALUES ('mmc', 'rule-chat-presence', 'feat-chat-presence', 'Platform User', 'see which colleagues are currently online', 'know if someone is available for a conversation', 'draft');
INSERT INTO rules (profile_id, id, feature_id, role, requirement, reason, status) VALUES ('mmc', 'rule-screenshare-start', 'feat-screenshare-start', 'Platform User', 'start sharing my screen with one or more colleagues', 'demonstrate something or collaborate visually', 'draft');
INSERT INTO rules (profile_id, id, feature_id, role, requirement, reason, status) VALUES ('mmc', 'rule-screenshare-select', 'feat-screenshare-start', 'Platform User', 'choose to share my entire screen or a specific window', 'control what others can see', 'draft');
INSERT INTO rules (profile_id, id, feature_id, role, requirement, reason, status) VALUES ('mmc', 'rule-screenshare-stop', 'feat-screenshare-start', 'Platform User', 'stop sharing my screen at any time', 'end the session when done', 'draft');
INSERT INTO rules (profile_id, id, feature_id, role, requirement, reason, status) VALUES ('mmc', 'rule-screenshare-view', 'feat-screenshare-view', 'Platform User', 'view when a colleague is sharing their screen', 'follow along with their demonstration', 'draft');
INSERT INTO rules (profile_id, id, feature_id, role, requirement, reason, status) VALUES ('mmc', 'rule-screenshare-from-chat', 'feat-screenshare-chat', 'Platform User', 'click a Share Screen button in an active chat', 'quickly share my screen during a conversation', 'draft');
INSERT INTO rules (profile_id, id, feature_id, role, requirement, reason, status) VALUES ('mmc', 'rule-aco-default', 'feat-aco-schema', 'Platform System', 'assign a default ACO to every new record', 'ensure no data is created without access control', 'draft');
INSERT INTO rules (profile_id, id, feature_id, role, requirement, reason, status) VALUES ('mmc', 'rule-aco-explicit', 'feat-aco-schema', 'Platform System', 'store each object''s ACO explicitly (no inheritance)', 'ensure access control is unambiguous and auditable', 'draft');
INSERT INTO rules (profile_id, id, feature_id, role, requirement, reason, status) VALUES ('mmc', 'rule-sensitivity-view', 'feat-sensitivity-levels', 'Platform User', 'only see records with sensitivity at or below my clearance level', 'prevent unauthorized access to sensitive information', 'draft');
INSERT INTO rules (profile_id, id, feature_id, role, requirement, reason, status) VALUES ('mmc', 'rule-sensitivity-create', 'feat-sensitivity-levels', 'Platform User', 'create records with sensitivity at or below my clearance level', 'prevent escalation of data sensitivity beyond my authorization', 'draft');
INSERT INTO rules (profile_id, id, feature_id, role, requirement, reason, status) VALUES ('mmc', 'rule-sensitivity-indicator', 'feat-sensitivity-levels', 'Platform User', 'see a visual indicator of each record''s sensitivity level', 'understand the classification of data I''m viewing', 'draft');
INSERT INTO rules (profile_id, id, feature_id, role, requirement, reason, status) VALUES ('mmc', 'rule-tenant-access', 'feat-tenant-access', 'Platform User', 'only see records in tenants I have access to at the appropriate level', 'maintain compartmentalization of sensitive programs', 'draft');
INSERT INTO rules (profile_id, id, feature_id, role, requirement, reason, status) VALUES ('mmc', 'rule-tenant-multi', 'feat-tenant-access', 'Platform User', 'access records that require multiple tenants only if I have access to all of them', 'enforce the principle of least privilege across compartments', 'draft');
INSERT INTO rules (profile_id, id, feature_id, role, requirement, reason, status) VALUES ('mmc', 'rule-tenant-indicator', 'feat-tenant-access', 'Platform User', 'see tenant indicators (fruit emojis) on records that are compartmentalized', 'understand which sensitive programs protect the data', 'draft');
INSERT INTO rules (profile_id, id, feature_id, role, requirement, reason, status) VALUES ('mmc', 'rule-role-access', 'feat-role-requirements', 'Platform User', 'only see records requiring roles I possess', 'enforce function-based access control', 'draft');
INSERT INTO rules (profile_id, id, feature_id, role, requirement, reason, status) VALUES ('mmc', 'rule-role-multi', 'feat-role-requirements', 'Platform User', 'access records requiring multiple roles only if I have all specified roles', 'ensure data is only visible to those with complete authorization', 'draft');
INSERT INTO rules (profile_id, id, feature_id, role, requirement, reason, status) VALUES ('mmc', 'rule-global-admin', 'feat-role-requirements', 'Global Administrator', 'bypass all access control checks', 'administer the platform without restrictions', 'draft');
INSERT INTO rules (profile_id, id, feature_id, role, requirement, reason, status) VALUES ('mmc', 'rule-log-all-reads', 'feat-access-logging', 'Platform System', 'log every data read operation with subject, object, and timestamp', 'maintain complete audit trail for security review', 'draft');
INSERT INTO rules (profile_id, id, feature_id, role, requirement, reason, status) VALUES ('mmc', 'rule-log-writes', 'feat-access-logging', 'Platform System', 'log every data write operation with subject, object, changes, and timestamp', 'track all modifications for accountability', 'draft');
INSERT INTO rules (profile_id, id, feature_id, role, requirement, reason, status) VALUES ('mmc', 'rule-log-denials', 'feat-access-logging', 'Platform System', 'log every access denial with subject, attempted action, and reason', 'detect potential security incidents and policy violations', 'draft');
INSERT INTO rules (profile_id, id, feature_id, role, requirement, reason, status) VALUES ('mmc', 'rule-guide-create', 'feat-classification-guides', 'Platform Administrator', 'create classification guides with English descriptions for each sensitivity level', 'help users correctly classify data', 'draft');
INSERT INTO rules (profile_id, id, feature_id, role, requirement, reason, status) VALUES ('mmc', 'rule-guide-reference', 'feat-classification-guides', 'Platform User', 'see which classification guides apply to a record''s classification', 'understand why data is classified at a particular level', 'draft');
INSERT INTO rules (profile_id, id, feature_id, role, requirement, reason, status) VALUES ('mmc', 'rule-guide-tenant', 'feat-classification-guides', 'Platform Administrator', 'include tenant-specific guidance in classification guides', 'clarify when data should be compartmentalized', 'draft');
INSERT INTO rules (profile_id, id, feature_id, role, requirement, reason, status) VALUES ('mmc', 'rule-aco-modify-allowed', 'feat-aco-modification', 'Platform User', 'modify the ACO of records I can access to other ACOs I would also be able to access', 'adjust classification as data sensitivity changes', 'draft');
INSERT INTO rules (profile_id, id, feature_id, role, requirement, reason, status) VALUES ('mmc', 'rule-aco-modify-log', 'feat-aco-modification', 'Platform System', 'log all ACO modifications with before/after values', 'track classification changes for audit', 'draft');
INSERT INTO rules (profile_id, id, feature_id, role, requirement, reason, status) VALUES ('mmc', 'rule-mcp-resources-read', 'feat-mcp-server', 'Rubigo Developer', 'query Rubigo entities through MCP resources', 'build AI tools that can read and understand Rubigo data', 'draft');
INSERT INTO rules (profile_id, id, feature_id, role, requirement, reason, status) VALUES ('mmc', 'rule-mcp-tools-crud', 'feat-mcp-server', 'Rubigo Developer', 'invoke CRUD operations through MCP tools', 'enable AI agents to create, update, and delete Rubigo data programmatically', 'draft');
INSERT INTO rules (profile_id, id, feature_id, role, requirement, reason, status) VALUES ('mmc', 'rule-mcp-transport-sse', 'feat-mcp-server', 'Rubigo Developer', 'connect to the MCP server via HTTP/SSE from remote clients', 'integrate AI tools with the production Rubigo instance at rubigo.kwip.net', 'draft');
INSERT INTO rules (profile_id, id, feature_id, role, requirement, reason, status) VALUES ('mmc', 'rule-mcp-auth', 'feat-mcp-server', 'Rubigo Developer', 'authenticate MCP connections using API tokens', 'ensure only authorized agents can access Rubigo data', 'draft');
INSERT INTO rules (profile_id, id, feature_id, role, requirement, reason, status) VALUES ('mmc', 'rule-mcp-schema', 'feat-mcp-server', 'Rubigo Developer', 'discover available resources and tools through MCP protocol introspection', 'enable AI tools to dynamically understand what operations are available', 'draft');

-- SCENARIOS
INSERT INTO scenarios (profile_id, id, rule_id, name, narrative, status) VALUES ('mmc', 'scn-001', 'rule-001', 'Emergency dispatch view', 'Given I am a dispatch coordinator viewing the map, when an emergency call is received, then I can see all technicians within a 20-mile radius with their current status and ETA to the customer location', 'active');
INSERT INTO scenarios (profile_id, id, rule_id, name, narrative, status) VALUES ('mmc', 'scn-002', 'rule-002', 'Automatic route recalculation', 'Given I am a technician en route to a job, when traffic conditions change significantly, then the app automatically recalculates and suggests an optimal alternative route', 'active');
INSERT INTO scenarios (profile_id, id, rule_id, name, narrative, status) VALUES ('mmc', 'scn-003', 'rule-004', 'Service status tracking', 'Given I am a customer logged into the portal, when I navigate to my active service requests, then I can see the current status, assigned technician name, and estimated arrival window', 'active');
INSERT INTO scenarios (profile_id, id, rule_id, name, narrative, status) VALUES ('mmc', 'scn-004', 'rule-005', 'After-hours service request', 'Given I am a customer accessing the portal at 10 PM, when I submit a new service request, then I receive a confirmation with a reference number and expected response timeframe', 'active');
INSERT INTO scenarios (profile_id, id, rule_id, name, narrative, status) VALUES ('mmc', 'scen-personnel-list', 'rule-personnel-view', 'Browse personnel directory', 'Given I am signed in as any user, when I navigate to the Personnel page, then I see a paginated table of personnel records and I can search by name, title, or email and filter by department', 'active');
INSERT INTO scenarios (profile_id, id, rule_id, name, narrative, status) VALUES ('mmc', 'scen-personnel-detail', 'rule-personnel-view', 'View personnel details', 'Given I am viewing the personnel directory, when I click on a personnel row, then a detail panel opens showing full information', 'active');
INSERT INTO scenarios (profile_id, id, rule_id, name, narrative, status) VALUES ('mmc', 'scen-personnel-create', 'rule-personnel-create', 'Add new employee', 'Given I am signed in as Global Administrator, when I click the Add Personnel button and fill in required fields (name, email, department) and click Save, then the new personnel record appears in the table', 'active');
INSERT INTO scenarios (profile_id, id, rule_id, name, narrative, status) VALUES ('mmc', 'scen-personnel-edit', 'rule-personnel-edit', 'Update employee information', 'Given I am signed in as Global Administrator and viewing a personnel detail panel, when I click Edit, modify fields, and Save, then the changes are reflected in the table', 'active');
INSERT INTO scenarios (profile_id, id, rule_id, name, narrative, status) VALUES ('mmc', 'scen-personnel-delete', 'rule-personnel-delete', 'Remove employee from directory', 'Given I am signed in as Global Administrator and viewing a personnel detail panel, when I click Delete and confirm, then the record no longer appears in the table', 'active');
INSERT INTO scenarios (profile_id, id, rule_id, name, narrative, status) VALUES ('mmc', 'scen-personnel-contact-view', 'rule-personnel-contact', 'View contact information', 'Given I am viewing a personnel detail panel, when the record has phone numbers, then I see the desk phone and cell phone displayed with clickable tel: links', 'draft');
INSERT INTO scenarios (profile_id, id, rule_id, name, narrative, status) VALUES ('mmc', 'scen-personnel-contact-edit', 'rule-personnel-contact', 'Edit contact information', 'Given I am editing a personnel record as admin, when I enter desk phone and cell phone numbers, then the contact info is saved and displayed in the detail view', 'draft');
INSERT INTO scenarios (profile_id, id, rule_id, name, narrative, status) VALUES ('mmc', 'scen-personnel-location-view', 'rule-personnel-location', 'View office location', 'Given I am viewing a personnel detail panel, when the record has location info, then I see site, building, level, and space displayed as a formatted address', 'draft');
INSERT INTO scenarios (profile_id, id, rule_id, name, narrative, status) VALUES ('mmc', 'scen-personnel-location-edit', 'rule-personnel-location', 'Edit office location', 'Given I am editing a personnel record as admin, when I fill in site, building, level, and space fields, then the location is saved and displayed in the detail view', 'draft');
INSERT INTO scenarios (profile_id, id, rule_id, name, narrative, status) VALUES ('mmc', 'scen-personnel-manager-view', 'rule-personnel-hierarchy', 'View manager relationship', 'Given I am viewing a personnel detail panel, when the person has a manager assigned, then I see the manager''s name as a clickable link to their profile', 'draft');
INSERT INTO scenarios (profile_id, id, rule_id, name, narrative, status) VALUES ('mmc', 'scen-personnel-manager-select', 'rule-personnel-hierarchy', 'Assign manager', 'Given I am editing a personnel record as admin, when I use the manager dropdown and search for a name, then I can select from matching personnel and save the relationship', 'draft');
INSERT INTO scenarios (profile_id, id, rule_id, name, narrative, status) VALUES ('mmc', 'scen-personnel-photo-display', 'rule-personnel-photo', 'Display personnel photo', 'Given I am viewing a personnel detail panel, when the person has a photo uploaded, then I see their photo at the top of the panel; otherwise I see initials', 'draft');
INSERT INTO scenarios (profile_id, id, rule_id, name, narrative, status) VALUES ('mmc', 'scen-personnel-photo-upload', 'rule-personnel-photo', 'Upload personnel photo', 'Given I am editing a personnel record as admin, when I click the photo upload area and select an image file, then the photo is uploaded and displayed immediately', 'draft');
INSERT INTO scenarios (profile_id, id, rule_id, name, narrative, status) VALUES ('mmc', 'scen-solution-list', 'rule-solution-list', 'Browse solutions', 'Given I am signed in as any user, when I navigate to the Services page, then I see a list of Solutions with their names, descriptions, and status', 'active');
INSERT INTO scenarios (profile_id, id, rule_id, name, narrative, status) VALUES ('mmc', 'scen-solution-create', 'rule-solution-crud', 'Create solution', 'Given I am signed in as Global Administrator, when I click New Solution and fill in name and description and click Save, then the solution appears in the list', 'active');
INSERT INTO scenarios (profile_id, id, rule_id, name, narrative, status) VALUES ('mmc', 'scen-project-list', 'rule-project-list', 'Browse projects', 'Given I am signed in as any user, when I navigate to the Projects page, then I see projects grouped or linked by their solution', 'active');
INSERT INTO scenarios (profile_id, id, rule_id, name, narrative, status) VALUES ('mmc', 'scen-project-create', 'rule-project-crud', 'Create project', 'Given I am signed in as Global Administrator, when I click New Project, select a solution, fill in name and description, and click Save, then the project appears in the list', 'active');
INSERT INTO scenarios (profile_id, id, rule_id, name, narrative, status) VALUES ('mmc', 'scen-objective-list', 'rule-objective-list', 'Browse objectives', 'Given I am signed in as any user, when I navigate to the Objectives page, then I see objectives displayed in a hierarchical tree structure', 'active');
INSERT INTO scenarios (profile_id, id, rule_id, name, narrative, status) VALUES ('mmc', 'scen-objective-create', 'rule-objective-crud', 'Create objective', 'Given I am signed in as Global Administrator, when I click New Objective, fill in title and description, optionally select a parent, and click Save, then the objective appears in the hierarchy', 'active');
INSERT INTO scenarios (profile_id, id, rule_id, name, narrative, status) VALUES ('mmc', 'scen-initiative-list', 'rule-initiative-list', 'Browse initiatives', 'Given I am signed in as any user, when I navigate to the Initiatives page, then I see a list of initiatives with their linked KPIs and status', 'active');
INSERT INTO scenarios (profile_id, id, rule_id, name, narrative, status) VALUES ('mmc', 'scen-initiative-create', 'rule-initiative-crud', 'Create initiative', 'Given I am signed in as Global Administrator, when I click New Initiative, fill in name, optionally link a KPI, and click Save, then the initiative appears in the list', 'active');
INSERT INTO scenarios (profile_id, id, rule_id, name, narrative, status) VALUES ('mmc', 'scen-activity-list', 'rule-activity-list', 'Browse activities', 'Given I am signed in as any user, when I navigate to the Activities page, then I see activities with their initiative, roles, and capacity information', 'active');
INSERT INTO scenarios (profile_id, id, rule_id, name, narrative, status) VALUES ('mmc', 'scen-activity-capacity', 'rule-capacity-viz', 'View capacity dashboard', 'Given I am on the Activities page, then I see a capacity dashboard showing Capacity Filled percentage and FTE Required vs FTE Allocated', 'active');
INSERT INTO scenarios (profile_id, id, rule_id, name, narrative, status) VALUES ('mmc', 'scen-activity-create', 'rule-activity-crud', 'Create activity', 'Given I am signed in as Global Administrator, when I click New Activity, select an initiative, fill in name, and click Save, then the activity appears in the list', 'active');
INSERT INTO scenarios (profile_id, id, rule_id, name, narrative, status) VALUES ('mmc', 'scen-metric-list', 'rule-metric-list', 'Browse metrics', 'Given I am signed in as any user, when I navigate to the Metrics page, then I see a list of metrics with their units and current values', 'active');
INSERT INTO scenarios (profile_id, id, rule_id, name, narrative, status) VALUES ('mmc', 'scen-kpi-view', 'rule-kpi-list', 'View KPI details', 'Given I am viewing the Metrics page, when a metric has linked KPIs, then I can see the KPI targets and thresholds', 'active');
INSERT INTO scenarios (profile_id, id, rule_id, name, narrative, status) VALUES ('mmc', 'scen-calendar-month-display', 'rule-calendar-month-view', 'Display month grid', 'Given I am signed in, when I navigate to Calendar, then I see a month grid with day cells and colored event pills', 'draft');
INSERT INTO scenarios (profile_id, id, rule_id, name, narrative, status) VALUES ('mmc', 'scen-calendar-month-nav', 'rule-calendar-navigate', 'Navigate between months', 'Given I am viewing the calendar in month view, when I click the next arrow, then the display advances to the next month', 'draft');
INSERT INTO scenarios (profile_id, id, rule_id, name, narrative, status) VALUES ('mmc', 'scen-calendar-week-nav', 'rule-calendar-navigate', 'Navigate between weeks', 'Given I am viewing the calendar in week view, when I click the next arrow, then the display advances by one week', 'draft');
INSERT INTO scenarios (profile_id, id, rule_id, name, narrative, status) VALUES ('mmc', 'scen-calendar-today', 'rule-calendar-today', 'Jump to today', 'Given I am viewing a future month, when I click Today, then the calendar returns to the current month with today highlighted', 'draft');
INSERT INTO scenarios (profile_id, id, rule_id, name, narrative, status) VALUES ('mmc', 'scen-calendar-week-display', 'rule-calendar-week-view', 'Display week view with time slots', 'Given I am viewing the calendar in week mode, then I see 7 day columns with time slots from 6AM to 10PM', 'draft');
INSERT INTO scenarios (profile_id, id, rule_id, name, narrative, status) VALUES ('mmc', 'scen-calendar-workweek-toggle', 'rule-calendar-workweek', 'Toggle work week mode in week view', 'Given I am viewing the calendar in week view, when I enable work week mode, then only Monday through Friday columns are displayed', 'draft');
INSERT INTO scenarios (profile_id, id, rule_id, name, narrative, status) VALUES ('mmc', 'scen-calendar-workweek-month', 'rule-calendar-workweek', 'Toggle work week mode in month view', 'Given I am viewing the calendar in month view, when I enable work week mode, then the month grid shows only Monday through Friday columns', 'draft');
INSERT INTO scenarios (profile_id, id, rule_id, name, narrative, status) VALUES ('mmc', 'scen-calendar-day-display', 'rule-calendar-day-view', 'Display day view with time slots', 'Given I click the Day view button, then I see a single day column with hourly time slots from 6AM to 10PM', 'draft');
INSERT INTO scenarios (profile_id, id, rule_id, name, narrative, status) VALUES ('mmc', 'scen-calendar-day-nav', 'rule-calendar-day-nav', 'Navigate between days', 'Given I am viewing the calendar in day view, when I click the next arrow, then the display advances by one day', 'draft');
INSERT INTO scenarios (profile_id, id, rule_id, name, narrative, status) VALUES ('mmc', 'scen-calendar-day-toggle', 'rule-calendar-day-view', 'Toggle to day view from month or week', 'Given I am in month or week view, when I click the Day button, then the view changes to show only the current day with time slots', 'draft');
INSERT INTO scenarios (profile_id, id, rule_id, name, narrative, status) VALUES ('mmc', 'scen-calendar-all-day-create', 'rule-calendar-all-day-toggle', 'Create all-day event', 'Given I am creating an event, when I toggle ''All Day'' on, then the time fields are hidden and the event is saved as an all-day event', 'draft');
INSERT INTO scenarios (profile_id, id, rule_id, name, narrative, status) VALUES ('mmc', 'scen-calendar-all-day-no-time', 'rule-calendar-all-day-display', 'All-day events display without time', 'Given an all-day event exists, when I view it in the calendar or details panel, then no start/end time is displayed', 'draft');
INSERT INTO scenarios (profile_id, id, rule_id, name, narrative, status) VALUES ('mmc', 'scen-calendar-all-day-form-toggle', 'rule-calendar-all-day-form', 'All-day toggle hides time fields', 'Given I am creating or editing an event, when I enable the All Day toggle, then the start time and end time fields are hidden', 'draft');
INSERT INTO scenarios (profile_id, id, rule_id, name, narrative, status) VALUES ('mmc', 'scen-calendar-edit-instance-no-recurrence', 'rule-calendar-instance-no-recurrence', 'Hide recurrence fields when editing single instance', 'Given I am editing a single instance of a recurring event (This Occurrence Only), then the recurrence options are not visible in the edit form', 'draft');
INSERT INTO scenarios (profile_id, id, rule_id, name, narrative, status) VALUES ('mmc', 'scen-calendar-edit-series-shows-recurrence', 'rule-calendar-series-edit', 'Show recurrence fields when editing all occurrences', 'Given I am editing all occurrences of a recurring event, then the recurrence options are visible and can be modified', 'draft');
INSERT INTO scenarios (profile_id, id, rule_id, name, narrative, status) VALUES ('mmc', 'scen-calendar-overlap-side-by-side', 'rule-calendar-overlap-side-by-side', 'Display two overlapping events side-by-side', 'Given two events overlap in time (e.g., Interview 14:00-16:00 and Sprint Review 15:00-16:30 on Dec 19), when I view the day in day or week view, then both events display side-by-side in separate columns', 'active');
INSERT INTO scenarios (profile_id, id, rule_id, name, narrative, status) VALUES ('mmc', 'scen-calendar-overlap-three-events', 'rule-calendar-overlap-lanes', 'Display three overlapping events in three columns', 'Given three events all overlap in time, when I view the day, then the events display in three equal-width columns', 'active');
INSERT INTO scenarios (profile_id, id, rule_id, name, narrative, status) VALUES ('mmc', 'scen-calendar-overlap-duration-visible', 'rule-calendar-overlap-duration-height', 'Longer events appear taller than shorter events', 'Given a 2-hour event and a 30-minute event, when I view them in day or week view, then the 2-hour event has approximately 4x the height of the 30-minute event', 'active');
INSERT INTO scenarios (profile_id, id, rule_id, name, narrative, status) VALUES ('mmc', 'scen-calendar-overlap-recurring', 'rule-calendar-overlap-side-by-side', 'Recurring events on same day display side-by-side', 'Given two bi-weekly recurring events that fall on the same day (e.g., Interview Block and Sprint Review both on Dec 19), when I view that day, then both instances display side-by-side', 'active');
INSERT INTO scenarios (profile_id, id, rule_id, name, narrative, status) VALUES ('mmc', 'scen-calendar-time-indicator-display', 'rule-calendar-time-indicator-visible', 'Time indicator visible on today''s Day view', 'Given I am viewing today''s date in Day view, then I see a colored horizontal bar indicating the current time positioned at the correct hour/minute', 'active');
INSERT INTO scenarios (profile_id, id, rule_id, name, narrative, status) VALUES ('mmc', 'scen-calendar-time-indicator-updates', 'rule-calendar-time-indicator-realtime', 'Time indicator updates in real-time', 'Given I am viewing today''s Day view, when time passes, then the indicator moves down automatically without page refresh', 'active');
INSERT INTO scenarios (profile_id, id, rule_id, name, narrative, status) VALUES ('mmc', 'scen-calendar-time-indicator-hidden-other-days', 'rule-calendar-time-indicator-today-only', 'Time indicator hidden on other days', 'Given I am viewing a date other than today in Day view, then no time indicator is displayed', 'active');
INSERT INTO scenarios (profile_id, id, rule_id, name, narrative, status) VALUES ('mmc', 'scen-calendar-timezone-select', 'rule-calendar-timezone-select', 'Select event timezone', 'Given I am creating or editing an event, when I select a timezone from the timezone dropdown, then the event is saved with that timezone', 'draft');
INSERT INTO scenarios (profile_id, id, rule_id, name, narrative, status) VALUES ('mmc', 'scen-calendar-timezone-local-preview', 'rule-calendar-timezone-local-preview', 'Display local time preview in edit mode', 'Given I am editing an event with a timezone different from my local timezone, when I view the event form, then I see a local time preview showing the event time converted to my local timezone', 'draft');
INSERT INTO scenarios (profile_id, id, rule_id, name, narrative, status) VALUES ('mmc', 'scen-calendar-timezone-same-tz-no-preview', 'rule-calendar-timezone-local-preview', 'Hide local time preview when timezones match', 'Given I am editing an event with a timezone matching my local timezone, when I view the event form, then no local time preview is shown', 'draft');
INSERT INTO scenarios (profile_id, id, rule_id, name, narrative, status) VALUES ('mmc', 'scen-calendar-timezone-details-display', 'rule-calendar-timezone-details', 'Display local time in details panel', 'Given I am viewing details of an event with a timezone different from my local timezone, when the details panel opens, then I see both the event time in its original timezone and my local time', 'draft');
INSERT INTO scenarios (profile_id, id, rule_id, name, narrative, status) VALUES ('mmc', 'scen-calendar-timezone-details-same-tz', 'rule-calendar-timezone-details', 'Hide local time in details when timezones match', 'Given I am viewing details of an event with a timezone matching my local timezone, when the details panel opens, then only the event time is shown without a separate local time row', 'draft');
INSERT INTO scenarios (profile_id, id, rule_id, name, narrative, status) VALUES ('mmc', 'scen-calendar-create-simple', 'rule-calendar-create', 'Create simple event', 'Given I click New Event, when I fill in title, date, and time and click Save, then the event appears on the calendar', 'draft');
INSERT INTO scenarios (profile_id, id, rule_id, name, narrative, status) VALUES ('mmc', 'scen-calendar-create-recurring', 'rule-calendar-recurrence-create', 'Create recurring weekly event', 'Given I am creating an event, when I enable recurrence with Weekly frequency and select Mon/Wed/Fri, then events appear on those days', 'draft');
INSERT INTO scenarios (profile_id, id, rule_id, name, narrative, status) VALUES ('mmc', 'scen-calendar-recurrence-until', 'rule-calendar-recurrence-until', 'Set recurrence end date', 'Given I am creating a recurring event, when I set an end date using the Until date picker, then events only appear up to that date', 'draft');
INSERT INTO scenarios (profile_id, id, rule_id, name, narrative, status) VALUES ('mmc', 'scen-calendar-view-detail', 'rule-calendar-view-detail', 'View event details panel', 'Given I am viewing the calendar, when I click on an event pill, then a details panel opens showing title, time, location, and participants', 'draft');
INSERT INTO scenarios (profile_id, id, rule_id, name, narrative, status) VALUES ('mmc', 'scen-calendar-edit-event', 'rule-calendar-edit', 'Edit existing event', 'Given I have an event details panel open, when I click Edit, modify fields, and Save, then the changes are reflected in the calendar', 'draft');
INSERT INTO scenarios (profile_id, id, rule_id, name, narrative, status) VALUES ('mmc', 'scen-calendar-delete-event', 'rule-calendar-delete', 'Delete single event', 'Given I have an event details panel open, when I click Delete and confirm, then the event is removed from the calendar', 'draft');
INSERT INTO scenarios (profile_id, id, rule_id, name, narrative, status) VALUES ('mmc', 'scen-calendar-cancel-instance', 'rule-calendar-instance-cancel', 'Cancel single recurrence instance', 'Given I click on one instance of a recurring event, when I select Cancel This Instance, then only that date is removed while other occurrences remain', 'draft');
INSERT INTO scenarios (profile_id, id, rule_id, name, narrative, status) VALUES ('mmc', 'scen-calendar-modify-instance', 'rule-calendar-instance-modify', 'Modify single recurrence instance', 'Given I am editing one instance of a recurring event, when I change the time and save for This Instance Only, then only that occurrence is updated', 'draft');
INSERT INTO scenarios (profile_id, id, rule_id, name, narrative, status) VALUES ('mmc', 'scen-calendar-delete-instance', 'rule-calendar-recurring-delete-choice', 'Delete only this occurrence', 'Given I click delete on a recurring event, when the dialog appears and I select ''Just This Occurrence'', then only that date is removed while other instances remain', 'draft');
INSERT INTO scenarios (profile_id, id, rule_id, name, narrative, status) VALUES ('mmc', 'scen-calendar-delete-series', 'rule-calendar-recurring-delete-choice', 'Delete all occurrences', 'Given I click delete on a recurring event, when the dialog appears and I select ''All Occurrences'', then the entire series is removed from the calendar', 'draft');
INSERT INTO scenarios (profile_id, id, rule_id, name, narrative, status) VALUES ('mmc', 'scen-calendar-edit-instance-only', 'rule-calendar-recurring-edit-choice', 'Edit only this occurrence', 'Given I click edit on a recurring event, when the dialog appears and I select ''This Occurrence Only'', then I can modify just that instance while others remain unchanged', 'draft');
INSERT INTO scenarios (profile_id, id, rule_id, name, narrative, status) VALUES ('mmc', 'scen-calendar-edit-series', 'rule-calendar-recurring-edit-choice', 'Edit entire series', 'Given I click edit on a recurring event, when the dialog appears and I select ''All Occurrences'', then my changes apply to all instances of the series', 'draft');
INSERT INTO scenarios (profile_id, id, rule_id, name, narrative, status) VALUES ('mmc', 'scen-calendar-edit-series-recurrence-loaded', 'rule-calendar-series-edit', 'Recurrence info loads when editing series', 'Given a weekly event recurring on Mon/Wed/Fri, when editing all occurrences, then the edit modal shows Mon/Wed/Fri selected', 'draft');
INSERT INTO scenarios (profile_id, id, rule_id, name, narrative, status) VALUES ('mmc', 'scen-calendar-move-instance', 'rule-calendar-instance-move', 'Move recurring instance to different date', 'Given a Mon/Wed recurring event starting Jan 6, when I edit Wed Jan 15 and change the date to Thu Jan 16, then Wed Jan 15 shows no event and Thu Jan 16 shows the event', 'draft');
INSERT INTO scenarios (profile_id, id, rule_id, name, narrative, status) VALUES ('mmc', 'scen-calendar-moved-instance-survives-pattern-change', 'rule-calendar-series-edit', 'Moved instance persists through recurrence pattern change', 'Given a Mon/Wed recurring event where I moved Wed Jan 15 to Thu Jan 16, when I change the series recurrence to Tue/Thu, then Thu Jan 16 still shows only one event (not duplicated)', 'draft');
INSERT INTO scenarios (profile_id, id, rule_id, name, narrative, status) VALUES ('mmc', 'scen-calendar-cancelled-instance-reactivates', 'rule-calendar-instance-cancel', 'Cancelled instance remains cancelled after pattern change and restore', 'Given a Mon/Wed recurring event where I cancelled Wed Jan 15, when I change the series to Tue/Thu and then back to Mon/Wed, then Wed Jan 15 is still cancelled', 'draft');
INSERT INTO scenarios (profile_id, id, rule_id, name, narrative, status) VALUES ('mmc', 'scen-email-inbox-empty', 'rule-email-inbox-view', 'View empty inbox', 'Given I am a new user with no messages, when I navigate to Email, then I see an empty inbox with a prompt to compose my first message', 'draft');
INSERT INTO scenarios (profile_id, id, rule_id, name, narrative, status) VALUES ('mmc', 'scen-email-inbox-list', 'rule-email-inbox-view', 'View inbox messages', 'Given I have received messages, when I navigate to Email, then I see my inbox with messages showing sender name, subject, preview, and timestamp with unread messages visually highlighted', 'draft');
INSERT INTO scenarios (profile_id, id, rule_id, name, narrative, status) VALUES ('mmc', 'scen-email-inbox-unread', 'rule-email-unread-count', 'Unread count displayed', 'Given I have 3 unread messages, when I view the Email sidebar, then I see ''3'' displayed next to the Inbox folder', 'draft');
INSERT INTO scenarios (profile_id, id, rule_id, name, narrative, status) VALUES ('mmc', 'scen-email-compose-open', 'rule-email-compose', 'Open compose modal', 'Given I am viewing Email, when I click Compose, then a compose modal appears with To, Subject, and Body fields', 'draft');
INSERT INTO scenarios (profile_id, id, rule_id, name, narrative, status) VALUES ('mmc', 'scen-email-compose-personnel', 'rule-email-recipient-personnel', 'Select recipient from directory', 'Given I am composing an email, when I type a colleague''s name in the To field, then I see matching personnel from the directory and can select one as a recipient', 'draft');
INSERT INTO scenarios (profile_id, id, rule_id, name, narrative, status) VALUES ('mmc', 'scen-email-compose-custom', 'rule-email-recipient-custom', 'Enter custom email address', 'Given I am composing an email, when I type ''client@external.com'' and press Enter, then the custom address is added as a recipient chip', 'draft');
INSERT INTO scenarios (profile_id, id, rule_id, name, narrative, status) VALUES ('mmc', 'scen-email-compose-multiple', 'rule-email-recipient-multiple', 'Add multiple recipients', 'Given I am composing an email, when I add Alex Chen to To and Sarah Johnson to CC, then both appear as recipient chips in their respective fields', 'draft');
INSERT INTO scenarios (profile_id, id, rule_id, name, narrative, status) VALUES ('mmc', 'scen-email-compose-send', 'rule-email-send', 'Send email', 'Given I have composed an email with recipient, subject, and body, when I click Send, then the compose modal closes, the message appears in my Sent folder, and the recipient sees it in their Inbox', 'draft');
INSERT INTO scenarios (profile_id, id, rule_id, name, narrative, status) VALUES ('mmc', 'scen-email-draft-save', 'rule-email-drafts-save', 'Save draft', 'Given I am composing an email, when I click Save Draft or close the compose modal without sending, then the email is saved to my Drafts folder', 'draft');
INSERT INTO scenarios (profile_id, id, rule_id, name, narrative, status) VALUES ('mmc', 'scen-email-draft-edit', 'rule-email-drafts-edit', 'Edit and send draft', 'Given I have a saved draft, when I open it from Drafts, complete the message, and click Send, then the draft is removed from Drafts and the email is sent', 'draft');
INSERT INTO scenarios (profile_id, id, rule_id, name, narrative, status) VALUES ('mmc', 'scen-email-read-open', 'rule-email-read', 'Read email content', 'Given I have unread messages in my inbox, when I click on a message, then the reading pane displays the sender, date, recipients, subject, and full body', 'draft');
INSERT INTO scenarios (profile_id, id, rule_id, name, narrative, status) VALUES ('mmc', 'scen-email-read-marks-read', 'rule-email-mark-read', 'Opening email marks as read', 'Given I have an unread message, when I click to open it, then it is marked as read and no longer appears highlighted as new', 'draft');
INSERT INTO scenarios (profile_id, id, rule_id, name, narrative, status) VALUES ('mmc', 'scen-email-reply', 'rule-email-reply', 'Reply to email', 'Given I am reading an email from Alex Chen, when I click Reply and send my response, then Alex receives my reply and both messages appear in the same thread', 'draft');
INSERT INTO scenarios (profile_id, id, rule_id, name, narrative, status) VALUES ('mmc', 'scen-email-reply-all', 'rule-email-reply-all', 'Reply all', 'Given I received an email sent to me and CC''d to Sarah, when I click Reply All and respond, then both the original sender and Sarah receive my reply', 'draft');
INSERT INTO scenarios (profile_id, id, rule_id, name, narrative, status) VALUES ('mmc', 'scen-email-forward', 'rule-email-forward', 'Forward email', 'Given I am reading an email, when I click Forward, add Mike Smith as recipient, and send, then Mike receives the forwarded message with the original content quoted', 'draft');
INSERT INTO scenarios (profile_id, id, rule_id, name, narrative, status) VALUES ('mmc', 'scen-email-thread-view', 'rule-email-thread-view', 'View conversation thread', 'Given an email thread with 3 messages, when I open any message in the thread, then I see all 3 messages displayed in chronological order', 'draft');
INSERT INTO scenarios (profile_id, id, rule_id, name, narrative, status) VALUES ('mmc', 'scen-email-folder-nav', 'rule-email-folder-nav', 'Navigate folders', 'Given I am viewing my Inbox, when I click on Sent, then the email list updates to show only messages I have sent', 'draft');
INSERT INTO scenarios (profile_id, id, rule_id, name, narrative, status) VALUES ('mmc', 'scen-email-sent-view', 'rule-email-sent-view', 'View sent emails', 'Given I have sent emails, when I navigate to the Sent folder, then I see my sent messages with recipient, subject, and sent timestamp', 'draft');
INSERT INTO scenarios (profile_id, id, rule_id, name, narrative, status) VALUES ('mmc', 'scen-email-delete', 'rule-email-delete', 'Delete email', 'Given I am viewing an email, when I click Delete, then the email is moved to Trash and removed from Inbox', 'draft');
INSERT INTO scenarios (profile_id, id, rule_id, name, narrative, status) VALUES ('mmc', 'scen-email-trash-recover', 'rule-email-trash-view', 'Recover from trash', 'Given I have deleted an email, when I go to Trash and click Restore on the message, then it returns to my Inbox', 'draft');
INSERT INTO scenarios (profile_id, id, rule_id, name, narrative, status) VALUES ('mmc', 'scen-email-search-basic', 'rule-email-search', 'Search emails', 'Given I have multiple emails, when I enter ''quarterly report'' in the search box, then I see only emails with matching subject or body content', 'draft');
INSERT INTO scenarios (profile_id, id, rule_id, name, narrative, status) VALUES ('mmc', 'scen-email-search-sender', 'rule-email-search', 'Search by sender', 'Given I have emails from various senders, when I search for ''Alex Chen'', then I see only emails from or mentioning Alex Chen', 'draft');
INSERT INTO scenarios (profile_id, id, rule_id, name, narrative, status) VALUES ('mmc', 'scen-chat-dm-conversation', 'rule-chat-dm-start', 'Start direct message', 'Given I click New Message, when I select a colleague and send a message, then a DM conversation is created and the message appears', 'draft');
INSERT INTO scenarios (profile_id, id, rule_id, name, narrative, status) VALUES ('mmc', 'scen-chat-channel-create', 'rule-chat-channel-create', 'Create new channel', 'Given I click Create Channel, when I enter a name and description, then the channel appears in my channel list', 'draft');
INSERT INTO scenarios (profile_id, id, rule_id, name, narrative, status) VALUES ('mmc', 'scen-chat-react', 'rule-chat-react', 'React to message', 'Given I hover over a message, when I click Add Reaction and select an emoji, then the reaction appears under the message', 'draft');
INSERT INTO scenarios (profile_id, id, rule_id, name, narrative, status) VALUES ('mmc', 'scen-chat-thread', 'rule-chat-thread-reply', 'Reply in thread', 'Given I click Reply on a message, when I type and send my response, then it appears in a threaded view under the original message', 'draft');
INSERT INTO scenarios (profile_id, id, rule_id, name, narrative, status) VALUES ('mmc', 'scen-screenshare-start', 'rule-screenshare-start', 'Start screen share', 'Given I click Share Screen, when I select a screen or window and click Start, then participants see my shared screen', 'draft');
INSERT INTO scenarios (profile_id, id, rule_id, name, narrative, status) VALUES ('mmc', 'scen-screenshare-from-dm', 'rule-screenshare-from-chat', 'Share screen from DM', 'Given I am in a DM conversation, when I click the Share Screen button, then my screen becomes visible to the other person', 'draft');
INSERT INTO scenarios (profile_id, id, rule_id, name, narrative, status) VALUES ('mmc', 'scen-screenshare-stop', 'rule-screenshare-stop', 'Stop screen share', 'Given I am sharing my screen, when I click Stop Sharing, then participants no longer see my screen', 'draft');
INSERT INTO scenarios (profile_id, id, rule_id, name, narrative, status) VALUES ('mmc', 'scen-aco-default-create', 'rule-aco-default', 'New record gets default ACO', 'Given I create a new personnel record, when I do not specify an ACO, then the record is saved with ACO {"sensitivity": "low"}', 'draft');
INSERT INTO scenarios (profile_id, id, rule_id, name, narrative, status) VALUES ('mmc', 'scen-aco-explicit-no-inherit', 'rule-aco-explicit', 'Child records do not inherit parent ACO', 'Given a chat channel has ACO {"sensitivity": "moderate"}, when I send a message to that channel without specifying ACO, then the message gets the default ACO {"sensitivity": "low"}, not the channel''s ACO', 'draft');
INSERT INTO scenarios (profile_id, id, rule_id, name, narrative, status) VALUES ('mmc', 'scen-sensitivity-filter-list', 'rule-sensitivity-view', 'List filtered by sensitivity', 'Given I have clearance ''moderate'' and there are personnel records at public, low, moderate, and high sensitivity, when I list personnel, then I only see records with sensitivity public, low, or moderate', 'draft');
INSERT INTO scenarios (profile_id, id, rule_id, name, narrative, status) VALUES ('mmc', 'scen-sensitivity-block-detail', 'rule-sensitivity-view', 'Cannot view high sensitivity record', 'Given I have clearance ''moderate'' and a personnel record has sensitivity ''high'', when I try to view that record by ID, then I receive an access denied response', 'draft');
INSERT INTO scenarios (profile_id, id, rule_id, name, narrative, status) VALUES ('mmc', 'scen-sensitivity-create-blocked', 'rule-sensitivity-create', 'Cannot create above clearance', 'Given I have clearance ''moderate'', when I try to create a record with sensitivity ''high'', then the creation fails with an access denied error', 'draft');
INSERT INTO scenarios (profile_id, id, rule_id, name, narrative, status) VALUES ('mmc', 'scen-sensitivity-badge', 'rule-sensitivity-indicator', 'Sensitivity badge displayed', 'Given I am viewing a personnel detail panel, when the record has sensitivity ''moderate'', then I see a visual badge indicating ''MODERATE'' classification', 'draft');
INSERT INTO scenarios (profile_id, id, rule_id, name, narrative, status) VALUES ('mmc', 'scen-tenant-single-access', 'rule-tenant-access', 'Can access single tenant record', 'Given I have tenant access ''moderate:🍎'' and a record has tenants [''🍎''] with sensitivity ''low'', when I view the record, then I can see it', 'draft');
INSERT INTO scenarios (profile_id, id, rule_id, name, narrative, status) VALUES ('mmc', 'scen-tenant-single-blocked', 'rule-tenant-access', 'Blocked without tenant access', 'Given I have no tenant access for 🍎 and a record has tenants [''🍎''], when I try to view the record, then I receive an access denied response', 'draft');
INSERT INTO scenarios (profile_id, id, rule_id, name, narrative, status) VALUES ('mmc', 'scen-tenant-insufficient-level', 'rule-tenant-access', 'Blocked with insufficient tenant level', 'Given I have tenant access ''low:🍎'' and a record has tenants [''🍎''] with sensitivity ''moderate'', when I try to view the record, then I receive an access denied response', 'draft');
INSERT INTO scenarios (profile_id, id, rule_id, name, narrative, status) VALUES ('mmc', 'scen-tenant-multi-all', 'rule-tenant-multi', 'Access requires all tenants', 'Given I have tenant access ''moderate:🍎'' but not 🍌 and a record has tenants [''🍎'', ''🍌''], when I try to view the record, then I receive an access denied response', 'draft');
INSERT INTO scenarios (profile_id, id, rule_id, name, narrative, status) VALUES ('mmc', 'scen-tenant-emoji-display', 'rule-tenant-indicator', 'Tenant emojis displayed', 'Given I am viewing a record with tenants [''🍎'', ''🍌''], when I look at the record header, then I see the emojis 🍎🍌 displayed as tenant indicators', 'draft');
INSERT INTO scenarios (profile_id, id, rule_id, name, narrative, status) VALUES ('mmc', 'scen-role-single-access', 'rule-role-access', 'Can access with required role', 'Given I have role ''hr_viewer'' and a record requires roles [''hr_viewer''], when I view the record, then I can see it', 'draft');
INSERT INTO scenarios (profile_id, id, rule_id, name, narrative, status) VALUES ('mmc', 'scen-role-single-blocked', 'rule-role-access', 'Blocked without required role', 'Given I do not have role ''hr_viewer'' and a record requires roles [''hr_viewer''], when I try to view the record, then I receive an access denied response', 'draft');
INSERT INTO scenarios (profile_id, id, rule_id, name, narrative, status) VALUES ('mmc', 'scen-role-multi-partial', 'rule-role-multi', 'Partial roles insufficient', 'Given I have role ''manager'' but not ''hr_viewer'' and a record requires roles [''manager'', ''hr_viewer''], when I try to view the record, then I receive an access denied response', 'draft');
INSERT INTO scenarios (profile_id, id, rule_id, name, narrative, status) VALUES ('mmc', 'scen-role-global-admin-bypass', 'rule-global-admin', 'Global admin bypasses all checks', 'Given I have role ''global_admin'' and a record has sensitivity ''high'', tenants [''🍎''], and roles [''secret_committee''], when I view the record, then I can see it regardless of my other attributes', 'draft');
INSERT INTO scenarios (profile_id, id, rule_id, name, narrative, status) VALUES ('mmc', 'scen-log-read-recorded', 'rule-log-all-reads', 'Read operation logged', 'Given I view a personnel record, when the request completes, then an entry exists in the access log with my subject ID, the record ID, action ''read'', and timestamp', 'draft');
INSERT INTO scenarios (profile_id, id, rule_id, name, narrative, status) VALUES ('mmc', 'scen-log-write-recorded', 'rule-log-writes', 'Write operation logged with changes', 'Given I update a personnel record''s title, when the request completes, then an entry exists in the access log with action ''update'', old value, new value, and timestamp', 'draft');
INSERT INTO scenarios (profile_id, id, rule_id, name, narrative, status) VALUES ('mmc', 'scen-log-denial-recorded', 'rule-log-denials', 'Access denial logged', 'Given I try to view a record I cannot access, when the request is denied, then an entry exists in the access log with action ''read'', outcome ''denied'', and the reason for denial', 'draft');
INSERT INTO scenarios (profile_id, id, rule_id, name, narrative, status) VALUES ('mmc', 'scen-guide-create', 'rule-guide-create', 'Create classification guide', 'Given I am a Global Administrator, when I create a classification guide with descriptions for each sensitivity level, then the guide is saved and available for reference', 'draft');
INSERT INTO scenarios (profile_id, id, rule_id, name, narrative, status) VALUES ('mmc', 'scen-guide-referenced', 'rule-guide-reference', 'View classification guide reference', 'Given a record''s SCO references classification guide ''CG-HR-001'', when I view the record''s security context, then I can see the guide ID and click to view its full content', 'draft');
INSERT INTO scenarios (profile_id, id, rule_id, name, narrative, status) VALUES ('mmc', 'scen-aco-modify-within-clearance', 'rule-aco-modify-allowed', 'Can modify ACO within clearance', 'Given I have clearance ''moderate'' and a record has sensitivity ''low'', when I change the sensitivity to ''moderate'', then the change is saved successfully', 'draft');
INSERT INTO scenarios (profile_id, id, rule_id, name, narrative, status) VALUES ('mmc', 'scen-aco-modify-blocked', 'rule-aco-modify-allowed', 'Cannot modify ACO beyond clearance', 'Given I have clearance ''moderate'' and a record has sensitivity ''low'', when I try to change the sensitivity to ''high'', then the change is rejected with an access denied error', 'draft');
INSERT INTO scenarios (profile_id, id, rule_id, name, narrative, status) VALUES ('mmc', 'scen-aco-modify-logged', 'rule-aco-modify-log', 'ACO modification logged', 'Given I modify a record''s sensitivity from ''low'' to ''moderate'', when the change is saved, then an entry exists in the access log with action ''aco_modify'', old ACO, new ACO, and my subject ID', 'draft');
INSERT INTO scenarios (profile_id, id, rule_id, name, narrative, status) VALUES ('mmc', 'scen-mcp-list-personnel', 'rule-mcp-resources-read', 'List personnel via MCP', 'Given I have a valid MCP connection, when I request the personnel resource, then I receive a list of all personnel records with their attributes', 'draft');
INSERT INTO scenarios (profile_id, id, rule_id, name, narrative, status) VALUES ('mmc', 'scen-mcp-list-projects', 'rule-mcp-resources-read', 'List projects via MCP', 'Given I have a valid MCP connection, when I request the projects resource, then I receive a list of all projects with their status and linked solutions', 'draft');
INSERT INTO scenarios (profile_id, id, rule_id, name, narrative, status) VALUES ('mmc', 'scen-mcp-list-objectives', 'rule-mcp-resources-read', 'List objectives via MCP', 'Given I have a valid MCP connection, when I request the objectives resource, then I receive the objective hierarchy with parent-child relationships', 'draft');
INSERT INTO scenarios (profile_id, id, rule_id, name, narrative, status) VALUES ('mmc', 'scen-mcp-create-personnel', 'rule-mcp-tools-crud', 'Create personnel via MCP tool', 'Given I have authenticated MCP connection with admin privileges, when I invoke the create_personnel tool with name and email, then a new personnel record is created and returned', 'draft');
INSERT INTO scenarios (profile_id, id, rule_id, name, narrative, status) VALUES ('mmc', 'scen-mcp-update-objective', 'rule-mcp-tools-crud', 'Update objective via MCP tool', 'Given I have authenticated MCP connection with admin privileges, when I invoke the update_objective tool with an ID and new title, then the objective is updated and the change is logged', 'draft');
INSERT INTO scenarios (profile_id, id, rule_id, name, narrative, status) VALUES ('mmc', 'scen-mcp-delete-activity', 'rule-mcp-tools-crud', 'Delete activity via MCP tool', 'Given I have authenticated MCP connection with admin privileges, when I invoke the delete_activity tool with a valid ID, then the activity is removed from the system', 'draft');
INSERT INTO scenarios (profile_id, id, rule_id, name, narrative, status) VALUES ('mmc', 'scen-mcp-sse-connect', 'rule-mcp-transport-sse', 'Connect via HTTP/SSE', 'Given the Rubigo MCP server is running, when I establish an SSE connection to the MCP endpoint, then I receive the protocol handshake and can begin exchanging messages', 'draft');
INSERT INTO scenarios (profile_id, id, rule_id, name, narrative, status) VALUES ('mmc', 'scen-mcp-sse-reconnect', 'rule-mcp-transport-sse', 'Reconnect after disconnect', 'Given an active SSE connection is interrupted, when the client reconnects, then the connection is re-established and operations can continue', 'draft');
INSERT INTO scenarios (profile_id, id, rule_id, name, narrative, status) VALUES ('mmc', 'scen-mcp-auth-valid-token', 'rule-mcp-auth', 'Authenticate with valid token', 'Given I have a valid API token, when I connect to the MCP server with the token in the Authorization header, then the connection is established successfully', 'draft');
INSERT INTO scenarios (profile_id, id, rule_id, name, narrative, status) VALUES ('mmc', 'scen-mcp-auth-invalid-token', 'rule-mcp-auth', 'Reject invalid token', 'Given I have an invalid or expired API token, when I attempt to connect to the MCP server, then the connection is rejected with an authentication error', 'draft');
INSERT INTO scenarios (profile_id, id, rule_id, name, narrative, status) VALUES ('mmc', 'scen-mcp-auth-readonly', 'rule-mcp-auth', 'Enforce role-based access', 'Given I have an authenticated connection without admin privileges, when I invoke a write tool like create_personnel, then the operation is rejected with a permissions error', 'draft');
INSERT INTO scenarios (profile_id, id, rule_id, name, narrative, status) VALUES ('mmc', 'scen-mcp-discover-resources', 'rule-mcp-schema', 'Discover available resources', 'Given I have a valid MCP connection, when I send a resources/list request, then I receive a list of all available resources with their URIs and descriptions', 'draft');
INSERT INTO scenarios (profile_id, id, rule_id, name, narrative, status) VALUES ('mmc', 'scen-mcp-discover-tools', 'rule-mcp-schema', 'Discover available tools', 'Given I have a valid MCP connection, when I send a tools/list request, then I receive a list of all available tools with their input schemas and descriptions', 'draft');

-- ROLES
INSERT INTO roles (profile_id, id, name, description) VALUES ('mmc', 'role-proj-mgr', 'Project Manager', 'Oversees project planning, execution, and delivery');
INSERT INTO roles (profile_id, id, name, description) VALUES ('mmc', 'role-dev', 'Developer', 'Designs and implements software solutions');
INSERT INTO roles (profile_id, id, name, description) VALUES ('mmc', 'role-qa', 'Quality Assurance', 'Tests and validates software quality');
INSERT INTO roles (profile_id, id, name, description) VALUES ('mmc', 'role-analyst', 'Business Analyst', 'Gathers requirements and defines specifications');

-- CALENDAR_EVENTS
INSERT INTO calendar_events (profile_id, id, title, description, start_time, end_time, all_day, event_type, recurrence, recurrence_interval, recurrence_days, recurrence_until, organizer_id, location, virtual_url, timezone) VALUES ('mmc', 'evt-001', 'Engineering Daily Standup', 'Daily sync for the engineering team to discuss progress and blockers', '2025-01-06T09:00:00', '2025-01-06T09:15:00', 0, 'standup', 'weekly', 1, '["Mon","Tue","Wed","Thu","Fri"]', '2026-06-30', 'd827cb', 'Conference Room 2A', NULL, 'America/New_York');
INSERT INTO calendar_events (profile_id, id, title, description, start_time, end_time, all_day, event_type, recurrence, recurrence_interval, recurrence_days, recurrence_until, organizer_id, location, virtual_url, timezone) VALUES ('mmc', 'evt-002', 'IT Team Weekly', 'Weekly status updates and planning for IT department', '2025-01-07T10:00:00', '2025-01-07T11:00:00', 0, 'meeting', 'weekly', 1, '["Tue"]', '2026-06-30', '1ea074', 'IT Help Desk', NULL, 'America/New_York');
INSERT INTO calendar_events (profile_id, id, title, description, start_time, end_time, all_day, event_type, recurrence, recurrence_interval, recurrence_days, recurrence_until, organizer_id, location, virtual_url, timezone) VALUES ('mmc', 'evt-003', 'Sales Region Sync', 'Weekly sync across all regional sales managers', '2025-01-08T14:00:00', '2025-01-08T15:00:00', 0, 'meeting', 'weekly', 1, '["Wed"]', '2026-06-30', '1e4e5c', NULL, 'https://meet.mmc.com/sales-sync', 'America/New_York');
INSERT INTO calendar_events (profile_id, id, title, description, start_time, end_time, all_day, event_type, recurrence, recurrence_interval, recurrence_days, recurrence_until, organizer_id, location, virtual_url, timezone) VALUES ('mmc', 'evt-004', 'HR Office Hours', 'Open door hours for employee questions and concerns', '2025-01-09T13:00:00', '2025-01-09T14:00:00', 0, 'meeting', 'weekly', 1, '["Thu"]', '2026-06-30', '4f6f43', 'HR Suite', NULL, 'America/New_York');
INSERT INTO calendar_events (profile_id, id, title, description, start_time, end_time, all_day, event_type, recurrence, recurrence_interval, recurrence_days, recurrence_until, organizer_id, location, virtual_url, timezone) VALUES ('mmc', 'evt-005', 'Executive Leadership Meeting', 'Bi-weekly leadership sync on company strategy and operations', '2025-01-13T09:00:00', '2025-01-13T10:30:00', 0, 'planning', 'weekly', 2, '["Mon"]', '2026-06-30', '241a6d', 'Board Room', NULL, 'America/New_York');
INSERT INTO calendar_events (profile_id, id, title, description, start_time, end_time, all_day, event_type, recurrence, recurrence_interval, recurrence_days, recurrence_until, organizer_id, location, virtual_url, timezone) VALUES ('mmc', 'evt-006', 'Engineering Sprint Review', 'Bi-weekly review of completed work and demo of new features', '2025-01-17T15:00:00', '2025-01-17T16:30:00', 0, 'review', 'weekly', 2, '["Fri"]', '2026-06-30', 'd827cb', 'Engineering Open Plan', NULL, 'America/New_York');
INSERT INTO calendar_events (profile_id, id, title, description, start_time, end_time, all_day, event_type, recurrence, recurrence_interval, recurrence_days, recurrence_until, organizer_id, location, virtual_url, timezone) VALUES ('mmc', 'evt-007', 'MMC All-Hands Meeting', 'Monthly company-wide meeting with updates from leadership', '2025-01-15T16:00:00', '2025-01-15T17:00:00', 0, 'all-hands', 'monthly', 1, NULL, '2026-06-30', '241a6d', NULL, 'https://meet.mmc.com/all-hands', 'America/New_York');
INSERT INTO calendar_events (profile_id, id, title, description, start_time, end_time, all_day, event_type, recurrence, recurrence_interval, recurrence_days, recurrence_until, organizer_id, location, virtual_url, timezone) VALUES ('mmc', 'evt-008', 'Finance Month-End Review', 'Monthly financial close review and analysis', '2025-01-31T10:00:00', '2025-01-31T11:30:00', 0, 'review', 'monthly', 1, NULL, '2026-06-30', 'cdb964', 'Finance Department', NULL, 'America/New_York');
INSERT INTO calendar_events (profile_id, id, title, description, start_time, end_time, all_day, event_type, recurrence, recurrence_interval, recurrence_days, recurrence_until, organizer_id, location, virtual_url, timezone) VALUES ('mmc', 'evt-009', 'Board of Directors Meeting', 'Quarterly board meeting (occurs monthly in seed for demo)', '2025-01-20T09:00:00', '2025-01-20T12:00:00', 0, 'meeting', 'monthly', 3, NULL, '2026-06-30', '241a6d', 'Board Room', NULL, 'America/New_York');
INSERT INTO calendar_events (profile_id, id, title, description, start_time, end_time, all_day, event_type, recurrence, recurrence_interval, recurrence_days, recurrence_until, organizer_id, location, virtual_url, timezone) VALUES ('mmc', 'evt-010', 'Richard / Mike 1:1', 'Weekly one-on-one between CTO and IT Director', '2025-01-06T14:00:00', '2025-01-06T14:30:00', 0, '1:1', 'weekly', 1, '["Mon"]', '2026-06-30', '714fd4', 'Executive Suite', NULL, 'America/New_York');
INSERT INTO calendar_events (profile_id, id, title, description, start_time, end_time, all_day, event_type, recurrence, recurrence_interval, recurrence_days, recurrence_until, organizer_id, location, virtual_url, timezone) VALUES ('mmc', 'evt-011', 'David / Jennifer 1:1', 'Weekly one-on-one for career development and project updates', '2025-01-07T11:00:00', '2025-01-07T11:30:00', 0, '1:1', 'weekly', 1, '["Tue"]', '2026-06-30', 'd827cb', NULL, NULL, 'America/New_York');
INSERT INTO calendar_events (profile_id, id, title, description, start_time, end_time, all_day, event_type, recurrence, recurrence_interval, recurrence_days, recurrence_until, organizer_id, location, virtual_url, timezone) VALUES ('mmc', 'evt-012', 'New Employee Orientation', 'Orientation session for Q1 2025 new hires', '2025-01-20T09:00:00', '2025-01-20T12:00:00', 0, 'training', NULL, NULL, NULL, NULL, '4f6f43', 'HR Suite', NULL, 'America/New_York');
INSERT INTO calendar_events (profile_id, id, title, description, start_time, end_time, all_day, event_type, recurrence, recurrence_interval, recurrence_days, recurrence_until, organizer_id, location, virtual_url, timezone) VALUES ('mmc', 'evt-013', 'Cybersecurity Awareness Training', 'Annual security training for all employees', '2025-02-15T13:00:00', '2025-02-15T15:00:00', 0, 'training', NULL, NULL, NULL, NULL, '1ea074', NULL, 'https://training.mmc.com/security-2025', 'America/New_York');
INSERT INTO calendar_events (profile_id, id, title, description, start_time, end_time, all_day, event_type, recurrence, recurrence_interval, recurrence_days, recurrence_until, organizer_id, location, virtual_url, timezone) VALUES ('mmc', 'evt-014', 'Product Design Workshop', 'Collaborative workshop on next-gen HVAC product design', '2025-03-10T09:00:00', '2025-03-10T16:00:00', 0, 'training', NULL, NULL, NULL, NULL, 'd827cb', 'CAD Lab', NULL, 'America/New_York');
INSERT INTO calendar_events (profile_id, id, title, description, start_time, end_time, all_day, event_type, recurrence, recurrence_interval, recurrence_days, recurrence_until, organizer_id, location, virtual_url, timezone) VALUES ('mmc', 'evt-015', 'Leadership Development Program - Session 1', 'First session of 2025 leadership development series', '2025-04-05T09:00:00', '2025-04-05T17:00:00', 0, 'training', NULL, NULL, NULL, NULL, '4f6f43', 'Board Room', NULL, 'America/New_York');
INSERT INTO calendar_events (profile_id, id, title, description, start_time, end_time, all_day, event_type, recurrence, recurrence_interval, recurrence_days, recurrence_until, organizer_id, location, virtual_url, timezone) VALUES ('mmc', 'evt-016', 'HVAC Industry Conference', 'Annual industry conference in Chicago', '2025-05-12T08:00:00', '2025-05-14T18:00:00', 1, 'conference', NULL, NULL, NULL, NULL, '714fd4', NULL, NULL, 'America/Chicago');
INSERT INTO calendar_events (profile_id, id, title, description, start_time, end_time, all_day, event_type, recurrence, recurrence_interval, recurrence_days, recurrence_until, organizer_id, location, virtual_url, timezone) VALUES ('mmc', 'evt-017', 'Customer Summit 2025', 'Annual customer appreciation and product showcase event', '2025-09-18T09:00:00', '2025-09-19T17:00:00', 1, 'conference', NULL, NULL, NULL, NULL, '241a6d', 'Reception Area', NULL, 'America/New_York');
INSERT INTO calendar_events (profile_id, id, title, description, start_time, end_time, all_day, event_type, recurrence, recurrence_interval, recurrence_days, recurrence_until, organizer_id, location, virtual_url, timezone) VALUES ('mmc', 'evt-018', 'New Year''s Day', 'Company Holiday - Office Closed', '2025-01-01T00:00:00', '2025-01-01T23:59:59', 1, 'holiday', NULL, NULL, NULL, NULL, NULL, NULL, NULL, 'America/New_York');
INSERT INTO calendar_events (profile_id, id, title, description, start_time, end_time, all_day, event_type, recurrence, recurrence_interval, recurrence_days, recurrence_until, organizer_id, location, virtual_url, timezone) VALUES ('mmc', 'evt-019', 'Martin Luther King Jr. Day', 'Company Holiday - Office Closed', '2025-01-20T00:00:00', '2025-01-20T23:59:59', 1, 'holiday', NULL, NULL, NULL, NULL, NULL, NULL, NULL, 'America/New_York');
INSERT INTO calendar_events (profile_id, id, title, description, start_time, end_time, all_day, event_type, recurrence, recurrence_interval, recurrence_days, recurrence_until, organizer_id, location, virtual_url, timezone) VALUES ('mmc', 'evt-020', 'Presidents Day', 'Company Holiday - Office Closed', '2025-02-17T00:00:00', '2025-02-17T23:59:59', 1, 'holiday', NULL, NULL, NULL, NULL, NULL, NULL, NULL, 'America/New_York');
INSERT INTO calendar_events (profile_id, id, title, description, start_time, end_time, all_day, event_type, recurrence, recurrence_interval, recurrence_days, recurrence_until, organizer_id, location, virtual_url, timezone) VALUES ('mmc', 'evt-021', 'Memorial Day', 'Company Holiday - Office Closed', '2025-05-26T00:00:00', '2025-05-26T23:59:59', 1, 'holiday', NULL, NULL, NULL, NULL, NULL, NULL, NULL, 'America/New_York');
INSERT INTO calendar_events (profile_id, id, title, description, start_time, end_time, all_day, event_type, recurrence, recurrence_interval, recurrence_days, recurrence_until, organizer_id, location, virtual_url, timezone) VALUES ('mmc', 'evt-022', 'Independence Day', 'Company Holiday - Office Closed', '2025-07-04T00:00:00', '2025-07-04T23:59:59', 1, 'holiday', NULL, NULL, NULL, NULL, NULL, NULL, NULL, 'America/New_York');
INSERT INTO calendar_events (profile_id, id, title, description, start_time, end_time, all_day, event_type, recurrence, recurrence_interval, recurrence_days, recurrence_until, organizer_id, location, virtual_url, timezone) VALUES ('mmc', 'evt-023', 'Labor Day', 'Company Holiday - Office Closed', '2025-09-01T00:00:00', '2025-09-01T23:59:59', 1, 'holiday', NULL, NULL, NULL, NULL, NULL, NULL, NULL, 'America/New_York');
INSERT INTO calendar_events (profile_id, id, title, description, start_time, end_time, all_day, event_type, recurrence, recurrence_interval, recurrence_days, recurrence_until, organizer_id, location, virtual_url, timezone) VALUES ('mmc', 'evt-024', 'Thanksgiving', 'Company Holiday - Office Closed', '2025-11-27T00:00:00', '2025-11-28T23:59:59', 1, 'holiday', NULL, NULL, NULL, NULL, NULL, NULL, NULL, 'America/New_York');
INSERT INTO calendar_events (profile_id, id, title, description, start_time, end_time, all_day, event_type, recurrence, recurrence_interval, recurrence_days, recurrence_until, organizer_id, location, virtual_url, timezone) VALUES ('mmc', 'evt-025', 'Christmas Holiday', 'Company Holiday - Office Closed', '2025-12-24T00:00:00', '2025-12-26T23:59:59', 1, 'holiday', NULL, NULL, NULL, NULL, NULL, NULL, NULL, 'America/New_York');
INSERT INTO calendar_events (profile_id, id, title, description, start_time, end_time, all_day, event_type, recurrence, recurrence_interval, recurrence_days, recurrence_until, organizer_id, location, virtual_url, timezone) VALUES ('mmc', 'evt-026', 'New Year''s Day 2026', 'Company Holiday - Office Closed', '2026-01-01T00:00:00', '2026-01-01T23:59:59', 1, 'holiday', NULL, NULL, NULL, NULL, NULL, NULL, NULL, 'America/New_York');
INSERT INTO calendar_events (profile_id, id, title, description, start_time, end_time, all_day, event_type, recurrence, recurrence_interval, recurrence_days, recurrence_until, organizer_id, location, virtual_url, timezone) VALUES ('mmc', 'evt-027', 'ERP System Upgrade Kickoff', 'Kickoff meeting for the 2025 ERP system upgrade project', '2025-02-03T10:00:00', '2025-02-03T12:00:00', 0, 'planning', NULL, NULL, NULL, NULL, '1ea074', 'IT Help Desk', NULL, 'America/New_York');
INSERT INTO calendar_events (profile_id, id, title, description, start_time, end_time, all_day, event_type, recurrence, recurrence_interval, recurrence_days, recurrence_until, organizer_id, location, virtual_url, timezone) VALUES ('mmc', 'evt-028', 'Q1 2025 Business Review', 'Quarterly business review and planning session', '2025-04-07T09:00:00', '2025-04-07T16:00:00', 0, 'review', NULL, NULL, NULL, NULL, '241a6d', 'Board Room', NULL, 'America/New_York');
INSERT INTO calendar_events (profile_id, id, title, description, start_time, end_time, all_day, event_type, recurrence, recurrence_interval, recurrence_days, recurrence_until, organizer_id, location, virtual_url, timezone) VALUES ('mmc', 'evt-029', 'Q2 2025 Business Review', 'Quarterly business review and planning session', '2025-07-07T09:00:00', '2025-07-07T16:00:00', 0, 'review', NULL, NULL, NULL, NULL, '241a6d', 'Board Room', NULL, 'America/New_York');
INSERT INTO calendar_events (profile_id, id, title, description, start_time, end_time, all_day, event_type, recurrence, recurrence_interval, recurrence_days, recurrence_until, organizer_id, location, virtual_url, timezone) VALUES ('mmc', 'evt-030', '2026 Strategic Planning Session', 'Annual strategic planning workshop for 2026', '2025-11-10T09:00:00', '2025-11-11T17:00:00', 1, 'planning', NULL, NULL, NULL, NULL, '241a6d', 'Board Room', NULL, 'America/New_York');
INSERT INTO calendar_events (profile_id, id, title, description, start_time, end_time, all_day, event_type, recurrence, recurrence_interval, recurrence_days, recurrence_until, organizer_id, location, virtual_url, timezone) VALUES ('mmc', 'evt-031', 'Interview Block - Engineering', 'Reserved time for engineering candidate interviews', '2025-01-10T14:00:00', '2025-01-10T16:00:00', 0, 'interview', 'weekly', 2, '["Fri"]', '2026-06-30', 'd827cb', 'Conference Room 2A', NULL, 'America/New_York');
INSERT INTO calendar_events (profile_id, id, title, description, start_time, end_time, all_day, event_type, recurrence, recurrence_interval, recurrence_days, recurrence_until, organizer_id, location, virtual_url, timezone) VALUES ('mmc', 'evt-032', 'Architecture Review - Q4 Systems', 'Quarterly architecture review session - overlaps with Interview Block and Sprint Review for 3-lane layout testing', '2025-12-19T14:30:00', '2025-12-19T15:30:00', 0, 'review', NULL, NULL, NULL, NULL, '714fd4', 'Engineering Open Plan', NULL, 'America/New_York');
INSERT INTO calendar_events (profile_id, id, title, description, start_time, end_time, all_day, event_type, recurrence, recurrence_interval, recurrence_days, recurrence_until, organizer_id, location, virtual_url, timezone) VALUES ('mmc', 'evt-033', 'Benefits Enrollment Meeting', 'One-on-one meeting to review and select 2025 benefits', '2025-01-14T10:00:00', '2025-01-14T10:30:00', 0, 'appointment', NULL, NULL, NULL, NULL, '4f6f43', 'HR Suite', NULL, 'America/New_York');
INSERT INTO calendar_events (profile_id, id, title, description, start_time, end_time, all_day, event_type, recurrence, recurrence_interval, recurrence_days, recurrence_until, organizer_id, location, virtual_url, timezone) VALUES ('mmc', 'evt-034', 'Annual Physical - Company Wellness', 'Annual health screening as part of company wellness program', '2025-02-20T08:30:00', '2025-02-20T09:30:00', 0, 'appointment', NULL, NULL, NULL, NULL, '4f6f43', 'Medical Wing', NULL, 'America/New_York');
INSERT INTO calendar_events (profile_id, id, title, description, start_time, end_time, all_day, event_type, recurrence, recurrence_interval, recurrence_days, recurrence_until, organizer_id, location, virtual_url, timezone) VALUES ('mmc', 'evt-035', 'Performance Review - Lisa Chen', 'Annual performance review meeting', '2025-03-17T14:00:00', '2025-03-17T15:00:00', 0, 'appointment', NULL, NULL, NULL, NULL, 'd827cb', 'Conference Room 2A', NULL, 'America/New_York');
INSERT INTO calendar_events (profile_id, id, title, description, start_time, end_time, all_day, event_type, recurrence, recurrence_interval, recurrence_days, recurrence_until, organizer_id, location, virtual_url, timezone) VALUES ('mmc', 'evt-036', 'Submit Expense Reports', 'Reminder: Monthly expense reports due by end of day', '2025-01-31T09:00:00', '2025-01-31T09:30:00', 0, 'reminder', 'monthly', 1, NULL, '2026-06-30', NULL, NULL, NULL, 'America/New_York');
INSERT INTO calendar_events (profile_id, id, title, description, start_time, end_time, all_day, event_type, recurrence, recurrence_interval, recurrence_days, recurrence_until, organizer_id, location, virtual_url, timezone) VALUES ('mmc', 'evt-037', '401k Contribution Review', 'Reminder to review and update 401k contribution elections', '2025-04-01T09:00:00', '2025-04-01T09:30:00', 0, 'reminder', NULL, NULL, NULL, NULL, NULL, NULL, NULL, 'America/New_York');
INSERT INTO calendar_events (profile_id, id, title, description, start_time, end_time, all_day, event_type, recurrence, recurrence_interval, recurrence_days, recurrence_until, organizer_id, location, virtual_url, timezone) VALUES ('mmc', 'evt-038', 'Q1 Goals Check-in', 'Reminder: Review Q1 goals progress before monthly review', '2025-03-25T09:00:00', '2025-03-25T09:30:00', 0, 'reminder', NULL, NULL, NULL, NULL, NULL, NULL, NULL, 'America/New_York');
INSERT INTO calendar_events (profile_id, id, title, description, start_time, end_time, all_day, event_type, recurrence, recurrence_interval, recurrence_days, recurrence_until, organizer_id, location, virtual_url, timezone) VALUES ('mmc', 'evt-039', 'David Park - PTO', 'Vacation - Will return January 8th', '2025-01-02T00:00:00', '2025-01-07T23:59:59', 1, 'out-of-office', NULL, NULL, NULL, NULL, 'd827cb', NULL, NULL, 'America/New_York');
INSERT INTO calendar_events (profile_id, id, title, description, start_time, end_time, all_day, event_type, recurrence, recurrence_interval, recurrence_days, recurrence_until, organizer_id, location, virtual_url, timezone) VALUES ('mmc', 'evt-040', 'Jennifer Adams - Conference Travel', 'Attending HVAC Industry Conference in Chicago', '2025-05-11T00:00:00', '2025-05-15T23:59:59', 1, 'out-of-office', NULL, NULL, NULL, NULL, 'f9c8d7', NULL, NULL, 'America/New_York');
INSERT INTO calendar_events (profile_id, id, title, description, start_time, end_time, all_day, event_type, recurrence, recurrence_interval, recurrence_days, recurrence_until, organizer_id, location, virtual_url, timezone) VALUES ('mmc', 'evt-041', 'Mike Chen - Working Remote', 'Working from home - Available via Slack/Teams', '2025-02-24T00:00:00', '2025-02-28T23:59:59', 1, 'out-of-office', NULL, NULL, NULL, NULL, '1ea074', NULL, NULL, 'America/New_York');
INSERT INTO calendar_events (profile_id, id, title, description, start_time, end_time, all_day, event_type, recurrence, recurrence_interval, recurrence_days, recurrence_until, organizer_id, location, virtual_url, timezone) VALUES ('mmc', 'evt-042', 'Margaret Sullivan - Board Meeting Travel', 'Traveling for quarterly board meeting in NYC', '2025-04-14T00:00:00', '2025-04-16T23:59:59', 1, 'out-of-office', NULL, NULL, NULL, NULL, 'cdb964', NULL, NULL, 'America/New_York');
INSERT INTO calendar_events (profile_id, id, title, description, start_time, end_time, all_day, event_type, recurrence, recurrence_interval, recurrence_days, recurrence_until, organizer_id, location, virtual_url, timezone) VALUES ('mmc', 'evt-043', 'Year-End Team Celebration', 'Holiday party and team celebration for 2024', '2024-12-13T15:00:00', '2024-12-13T18:00:00', 0, 'meeting', NULL, NULL, NULL, NULL, '241a6d', 'Reception Area', NULL, 'America/New_York');
INSERT INTO calendar_events (profile_id, id, title, description, start_time, end_time, all_day, event_type, recurrence, recurrence_interval, recurrence_days, recurrence_until, organizer_id, location, virtual_url, timezone) VALUES ('mmc', 'evt-044', 'Engineering Standup', 'Daily sync for the engineering team', '2024-12-12T09:00:00', '2024-12-12T09:15:00', 0, 'standup', 'weekly', 1, '["Mon","Tue","Wed","Thu","Fri"]', '2024-12-31', 'd827cb', 'Conference Room 2A', NULL, 'America/New_York');
INSERT INTO calendar_events (profile_id, id, title, description, start_time, end_time, all_day, event_type, recurrence, recurrence_interval, recurrence_days, recurrence_until, organizer_id, location, virtual_url, timezone) VALUES ('mmc', 'evt-045', 'Q4 2024 Business Review', 'Final quarterly business review for 2024', '2024-12-16T09:00:00', '2024-12-16T16:00:00', 0, 'review', NULL, NULL, NULL, NULL, '241a6d', 'Board Room', NULL, 'America/New_York');
INSERT INTO calendar_events (profile_id, id, title, description, start_time, end_time, all_day, event_type, recurrence, recurrence_interval, recurrence_days, recurrence_until, organizer_id, location, virtual_url, timezone) VALUES ('mmc', 'evt-046', 'IT Year-End Security Audit', 'Annual security compliance review before year end', '2024-12-18T10:00:00', '2024-12-18T12:00:00', 0, 'review', NULL, NULL, NULL, NULL, '1ea074', 'IT Help Desk', NULL, 'America/New_York');
INSERT INTO calendar_events (profile_id, id, title, description, start_time, end_time, all_day, event_type, recurrence, recurrence_interval, recurrence_days, recurrence_until, organizer_id, location, virtual_url, timezone) VALUES ('mmc', 'evt-047', 'Holiday Office Closure', 'Office closed for winter holidays', '2024-12-23T00:00:00', '2024-12-31T23:59:59', 1, 'holiday', NULL, NULL, NULL, NULL, NULL, NULL, NULL, 'America/New_York');

-- CHAT_CHANNELS
INSERT INTO chat_channels (profile_id, id, name, description, type) VALUES ('mmc', 'general', 'general', 'Company-wide announcements and discussions', 'channel');
INSERT INTO chat_channels (profile_id, id, name, description, type) VALUES ('mmc', 'engineering', 'engineering', 'Engineering team discussions and technical updates', 'channel');
INSERT INTO chat_channels (profile_id, id, name, description, type) VALUES ('mmc', 'it-helpdesk', 'it-helpdesk', 'IT support requests and system updates', 'channel');
INSERT INTO chat_channels (profile_id, id, name, description, type) VALUES ('mmc', 'sales', 'sales', 'Sales team coordination and pipeline updates', 'channel');
INSERT INTO chat_channels (profile_id, id, name, description, type) VALUES ('mmc', 'executive', 'executive', 'Leadership team discussions', 'channel');
INSERT INTO chat_channels (profile_id, id, name, description, type) VALUES ('mmc', 'random', 'random', 'Off-topic conversations and water cooler chat', 'channel');

-- CHAT_MEMBERSHIPS
INSERT INTO chat_memberships (profile_id, id, channel_id, person_id) VALUES ('mmc', 'mem-001', 'general', '241a6d');
INSERT INTO chat_memberships (profile_id, id, channel_id, person_id) VALUES ('mmc', 'mem-002', 'general', 'cdb964');
INSERT INTO chat_memberships (profile_id, id, channel_id, person_id) VALUES ('mmc', 'mem-003', 'general', '714fd4');
INSERT INTO chat_memberships (profile_id, id, channel_id, person_id) VALUES ('mmc', 'mem-004', 'general', '1ea074');
INSERT INTO chat_memberships (profile_id, id, channel_id, person_id) VALUES ('mmc', 'mem-005', 'general', 'd827cb');
INSERT INTO chat_memberships (profile_id, id, channel_id, person_id) VALUES ('mmc', 'mem-006', 'general', '4f6f43');
INSERT INTO chat_memberships (profile_id, id, channel_id, person_id) VALUES ('mmc', 'mem-007', 'general', 'test01');
INSERT INTO chat_memberships (profile_id, id, channel_id, person_id) VALUES ('mmc', 'mem-008', 'general', 'test02');
INSERT INTO chat_memberships (profile_id, id, channel_id, person_id) VALUES ('mmc', 'mem-009', 'general', 'test03');
INSERT INTO chat_memberships (profile_id, id, channel_id, person_id) VALUES ('mmc', 'mem-010', 'general', 'test04');
INSERT INTO chat_memberships (profile_id, id, channel_id, person_id) VALUES ('mmc', 'mem-011', 'general', 'test05');
INSERT INTO chat_memberships (profile_id, id, channel_id, person_id) VALUES ('mmc', 'mem-012', 'engineering', '714fd4');
INSERT INTO chat_memberships (profile_id, id, channel_id, person_id) VALUES ('mmc', 'mem-013', 'engineering', 'd827cb');
INSERT INTO chat_memberships (profile_id, id, channel_id, person_id) VALUES ('mmc', 'mem-014', 'engineering', 'f9c8d7');
INSERT INTO chat_memberships (profile_id, id, channel_id, person_id) VALUES ('mmc', 'mem-015', 'engineering', '8a0c57');
INSERT INTO chat_memberships (profile_id, id, channel_id, person_id) VALUES ('mmc', 'mem-016', 'engineering', '8f3a18');
INSERT INTO chat_memberships (profile_id, id, channel_id, person_id) VALUES ('mmc', 'mem-017', 'engineering', 'test03');
INSERT INTO chat_memberships (profile_id, id, channel_id, person_id) VALUES ('mmc', 'mem-018', 'it-helpdesk', '1ea074');
INSERT INTO chat_memberships (profile_id, id, channel_id, person_id) VALUES ('mmc', 'mem-019', 'it-helpdesk', '7aa0d4');
INSERT INTO chat_memberships (profile_id, id, channel_id, person_id) VALUES ('mmc', 'mem-020', 'it-helpdesk', 'd62d4d');
INSERT INTO chat_memberships (profile_id, id, channel_id, person_id) VALUES ('mmc', 'mem-021', 'it-helpdesk', 'test01');
INSERT INTO chat_memberships (profile_id, id, channel_id, person_id) VALUES ('mmc', 'mem-022', 'it-helpdesk', 'test05');
INSERT INTO chat_memberships (profile_id, id, channel_id, person_id) VALUES ('mmc', 'mem-023', 'sales', '1e4e5c');
INSERT INTO chat_memberships (profile_id, id, channel_id, person_id) VALUES ('mmc', 'mem-024', 'sales', 'e8a466');
INSERT INTO chat_memberships (profile_id, id, channel_id, person_id) VALUES ('mmc', 'mem-025', 'sales', '4d9154');
INSERT INTO chat_memberships (profile_id, id, channel_id, person_id) VALUES ('mmc', 'mem-026', 'sales', '5eedf9');
INSERT INTO chat_memberships (profile_id, id, channel_id, person_id) VALUES ('mmc', 'mem-027', 'sales', 'test02');
INSERT INTO chat_memberships (profile_id, id, channel_id, person_id) VALUES ('mmc', 'mem-028', 'executive', '241a6d');
INSERT INTO chat_memberships (profile_id, id, channel_id, person_id) VALUES ('mmc', 'mem-029', 'executive', 'cdb964');
INSERT INTO chat_memberships (profile_id, id, channel_id, person_id) VALUES ('mmc', 'mem-030', 'executive', '714fd4');
INSERT INTO chat_memberships (profile_id, id, channel_id, person_id) VALUES ('mmc', 'mem-031', 'executive', 'test04');
INSERT INTO chat_memberships (profile_id, id, channel_id, person_id) VALUES ('mmc', 'mem-032', 'random', '7aa0d4');
INSERT INTO chat_memberships (profile_id, id, channel_id, person_id) VALUES ('mmc', 'mem-033', 'random', '8f3a18');
INSERT INTO chat_memberships (profile_id, id, channel_id, person_id) VALUES ('mmc', 'mem-034', 'random', 'test01');
INSERT INTO chat_memberships (profile_id, id, channel_id, person_id) VALUES ('mmc', 'mem-035', 'random', 'test03');
INSERT INTO chat_memberships (profile_id, id, channel_id, person_id) VALUES ('mmc', 'mem-036', 'random', 'test05');

-- CHAT_MESSAGES
INSERT INTO chat_messages (profile_id, id, channel_id, sender_id, content, sent_at) VALUES ('mmc', 'msg-001', 'general', '241a6d', 'Welcome to the new team chat system! 🎉 Looking forward to more efficient collaboration across all departments.', '2024-12-05T09:00:00-05:00');
INSERT INTO chat_messages (profile_id, id, channel_id, sender_id, content, sent_at) VALUES ('mmc', 'msg-002', 'general', '714fd4', 'Great to see everyone here. If you have any technical questions about using the platform, the IT team is ready to help.', '2024-12-05T09:15:00-05:00');
INSERT INTO chat_messages (profile_id, id, channel_id, sender_id, content, sent_at) VALUES ('mmc', 'msg-003', 'general', '4f6f43', 'Reminder: Open enrollment for benefits ends Friday. Please submit any changes by EOD Thursday.', '2024-12-09T10:30:00-05:00');
INSERT INTO chat_messages (profile_id, id, channel_id, sender_id, content, sent_at) VALUES ('mmc', 'msg-004', 'general', '241a6d', 'Congratulations to the engineering team on shipping the v2.0 release ahead of schedule! 👏', '2024-12-12T14:00:00-05:00');
INSERT INTO chat_messages (profile_id, id, channel_id, sender_id, content, sent_at) VALUES ('mmc', 'msg-005', 'engineering', 'd827cb', 'Team standup moving to 9:30 AM starting next week. Please update your calendars.', '2024-12-06T08:45:00-05:00');
INSERT INTO chat_messages (profile_id, id, channel_id, sender_id, content, sent_at) VALUES ('mmc', 'msg-006', 'engineering', 'f9c8d7', 'The thermal analysis for the new HVAC unit is complete. Results look promising - 15% efficiency improvement over baseline.', '2024-12-10T11:20:00-05:00');
INSERT INTO chat_messages (profile_id, id, channel_id, sender_id, content, sent_at) VALUES ('mmc', 'msg-007', 'engineering', '8f3a18', 'Updated CAD files for the compressor housing are in the shared drive. Ready for review.', '2024-12-11T16:00:00-05:00');
INSERT INTO chat_messages (profile_id, id, channel_id, sender_id, content, sent_at) VALUES ('mmc', 'msg-008', 'engineering', 'test03', 'Working on updated UI mockups for the control panel. Will share by end of week.', '2024-12-12T09:30:00-05:00');
INSERT INTO chat_messages (profile_id, id, channel_id, sender_id, content, sent_at) VALUES ('mmc', 'msg-009', 'it-helpdesk', '1ea074', 'Scheduled maintenance this Saturday 2-4 AM. Email and file servers will be briefly unavailable.', '2024-12-05T14:00:00-05:00');
INSERT INTO chat_messages (profile_id, id, channel_id, sender_id, content, sent_at) VALUES ('mmc', 'msg-010', 'it-helpdesk', '7aa0d4', 'VPN issues should now be resolved. Please let us know if you''re still experiencing connectivity problems.', '2024-12-08T10:15:00-05:00');
INSERT INTO chat_messages (profile_id, id, channel_id, sender_id, content, sent_at) VALUES ('mmc', 'msg-011', 'it-helpdesk', 'test05', 'New printer installed on the second floor. Driver package is in the software center.', '2024-12-10T13:45:00-05:00');
INSERT INTO chat_messages (profile_id, id, channel_id, sender_id, content, sent_at) VALUES ('mmc', 'msg-012', 'it-helpdesk', 'test01', 'Automated test suite updated to cover the new integration endpoints. All green ✅', '2024-12-12T15:30:00-05:00');
INSERT INTO chat_messages (profile_id, id, channel_id, sender_id, content, sent_at) VALUES ('mmc', 'msg-013', 'sales', '1e4e5c', 'Great Q4 so far! Midwest region is tracking 20% over target. Keep pushing team!', '2024-12-06T16:00:00-05:00');
INSERT INTO chat_messages (profile_id, id, channel_id, sender_id, content, sent_at) VALUES ('mmc', 'msg-014', 'sales', '5eedf9', 'Just closed the Thompson Industries deal. $2.4M contract signed yesterday! 🎯', '2024-12-09T09:00:00-05:00');
INSERT INTO chat_messages (profile_id, id, channel_id, sender_id, content, sent_at) VALUES ('mmc', 'msg-015', 'sales', '4d9154', 'Meeting with Ford''s facilities team next week. Anyone have recent case studies for automotive sector?', '2024-12-11T11:00:00-05:00');
INSERT INTO chat_messages (profile_id, id, channel_id, sender_id, content, sent_at) VALUES ('mmc', 'msg-016', 'sales', 'test02', 'I have the Detroit manufacturing plant case study. Sending it over now.', '2024-12-11T11:15:00-05:00');
INSERT INTO chat_messages (profile_id, id, channel_id, sender_id, content, sent_at) VALUES ('mmc', 'msg-017', 'executive', '241a6d', 'Board meeting next Thursday. Please have your Q4 presentations ready by Tuesday.', '2024-12-05T08:00:00-05:00');
INSERT INTO chat_messages (profile_id, id, channel_id, sender_id, content, sent_at) VALUES ('mmc', 'msg-018', 'executive', 'cdb964', 'Preliminary financials look strong. We''re on track to exceed annual revenue targets by 8%.', '2024-12-10T10:00:00-05:00');
INSERT INTO chat_messages (profile_id, id, channel_id, sender_id, content, sent_at) VALUES ('mmc', 'msg-019', 'executive', '714fd4', 'Digital transformation initiative update: IoT pilot program at Indianapolis plant showing 12% reduction in downtime.', '2024-12-12T11:30:00-05:00');
INSERT INTO chat_messages (profile_id, id, channel_id, sender_id, content, sent_at) VALUES ('mmc', 'msg-020', 'random', '7aa0d4', 'Anyone want to join a lunch run to the new ramen place downtown?', '2024-12-06T11:30:00-05:00');
INSERT INTO chat_messages (profile_id, id, channel_id, sender_id, content, sent_at) VALUES ('mmc', 'msg-021', 'random', '8f3a18', 'I''m in! Their tonkotsu is supposed to be amazing 🍜', '2024-12-06T11:32:00-05:00');
INSERT INTO chat_messages (profile_id, id, channel_id, sender_id, content, sent_at) VALUES ('mmc', 'msg-022', 'random', 'test01', 'Count me in too!', '2024-12-06T11:35:00-05:00');
INSERT INTO chat_messages (profile_id, id, channel_id, sender_id, content, sent_at) VALUES ('mmc', 'msg-023', 'random', 'test05', 'Happy Friday everyone! 🎉 Any weekend plans?', '2024-12-13T16:00:00-05:00');

-- INFRASTRUCTURE
INSERT INTO infrastructure (profile_id, id, name, type, space, capacity, assigned_to) VALUES ('mmc', 'rack-001', 'DC-Rack-A1', 'rack', 'Data Center', 42, NULL);
INSERT INTO infrastructure (profile_id, id, name, type, space, capacity, assigned_to) VALUES ('mmc', 'rack-002', 'DC-Rack-A2', 'rack', 'Data Center', 42, NULL);
INSERT INTO infrastructure (profile_id, id, name, type, space, capacity, assigned_to) VALUES ('mmc', 'rack-003', 'DC-Rack-B1', 'rack', 'Data Center', 42, NULL);
INSERT INTO infrastructure (profile_id, id, name, type, space, capacity, assigned_to) VALUES ('mmc', 'rack-004', 'IDF-HQ-B1', 'rack', 'Network Closet B1', 24, NULL);
INSERT INTO infrastructure (profile_id, id, name, type, space, capacity, assigned_to) VALUES ('mmc', 'rack-005', 'IDF-Indy', 'rack', 'Indy Network Closet', 12, NULL);
INSERT INTO infrastructure (profile_id, id, name, type, space, capacity, assigned_to) VALUES ('mmc', 'rack-006', 'IDF-Detroit', 'rack', 'Detroit Network Closet', 12, NULL);
INSERT INTO infrastructure (profile_id, id, name, type, space, capacity, assigned_to) VALUES ('mmc', 'rack-007', 'IDF-Pittsburgh', 'rack', 'Pittsburgh Network Closet', 12, NULL);
INSERT INTO infrastructure (profile_id, id, name, type, space, capacity, assigned_to) VALUES ('mmc', 'desk-001', 'IT-Desk-1', 'desk', 'IT Help Desk', NULL, 'Mike Chen');
INSERT INTO infrastructure (profile_id, id, name, type, space, capacity, assigned_to) VALUES ('mmc', 'desk-002', 'IT-Desk-2', 'desk', 'IT Help Desk', NULL, 'Sarah Kim');
INSERT INTO infrastructure (profile_id, id, name, type, space, capacity, assigned_to) VALUES ('mmc', 'desk-003', 'HR-Desk-1', 'desk', 'HR Suite', NULL, 'Patricia Martinez');
INSERT INTO infrastructure (profile_id, id, name, type, space, capacity, assigned_to) VALUES ('mmc', 'desk-004', 'HR-Desk-2', 'desk', 'HR Suite', NULL, 'James Wilson');
INSERT INTO infrastructure (profile_id, id, name, type, space, capacity, assigned_to) VALUES ('mmc', 'desk-005', 'ENG-Desk-1', 'desk', 'Engineering Open Plan', NULL, 'David Park');
INSERT INTO infrastructure (profile_id, id, name, type, space, capacity, assigned_to) VALUES ('mmc', 'desk-006', 'ENG-Desk-2', 'desk', 'Engineering Open Plan', NULL, 'Jennifer Adams');
INSERT INTO infrastructure (profile_id, id, name, type, space, capacity, assigned_to) VALUES ('mmc', 'desk-007', 'ENG-Desk-3', 'desk', 'Engineering Open Plan', NULL, 'Robert Thompson');
INSERT INTO infrastructure (profile_id, id, name, type, space, capacity, assigned_to) VALUES ('mmc', 'desk-008', 'CAD-Desk-1', 'desk', 'CAD Lab', NULL, 'Lisa Chen');
INSERT INTO infrastructure (profile_id, id, name, type, space, capacity, assigned_to) VALUES ('mmc', 'desk-009', 'CEO-Desk', 'desk', 'Executive Suite', NULL, 'Thomas Anderson');
INSERT INTO infrastructure (profile_id, id, name, type, space, capacity, assigned_to) VALUES ('mmc', 'desk-010', 'CFO-Desk', 'desk', 'Executive Suite', NULL, 'Margaret Sullivan');
INSERT INTO infrastructure (profile_id, id, name, type, space, capacity, assigned_to) VALUES ('mmc', 'desk-011', 'CTO-Desk', 'desk', 'Executive Suite', NULL, 'Richard Nakamura');
INSERT INTO infrastructure (profile_id, id, name, type, space, capacity, assigned_to) VALUES ('mmc', 'desk-012', 'FIN-Desk-1', 'desk', 'Finance Department', NULL, 'Emily Rodriguez');
INSERT INTO infrastructure (profile_id, id, name, type, space, capacity, assigned_to) VALUES ('mmc', 'desk-013', 'FIN-Desk-2', 'desk', 'Finance Department', NULL, 'Daniel Foster');
INSERT INTO infrastructure (profile_id, id, name, type, space, capacity, assigned_to) VALUES ('mmc', 'desk-014', 'INDY-Desk-1', 'desk', 'Indy Open Office', NULL, 'Chris Miller');
INSERT INTO infrastructure (profile_id, id, name, type, space, capacity, assigned_to) VALUES ('mmc', 'desk-015', 'INDY-Desk-2', 'desk', 'Indy Open Office', NULL, 'Amanda Johnson');
INSERT INTO infrastructure (profile_id, id, name, type, space, capacity, assigned_to) VALUES ('mmc', 'desk-016', 'DET-Desk-1', 'desk', 'Detroit Open Office', NULL, 'Kevin O''Brien');
INSERT INTO infrastructure (profile_id, id, name, type, space, capacity, assigned_to) VALUES ('mmc', 'desk-017', 'PIT-Desk-1', 'desk', 'Pittsburgh Open Office', NULL, 'Nicole Taylor');

-- COMPONENTS
INSERT INTO components (profile_id, id, name, type, placement_type, rack_id, desk_id, u_position, status) VALUES ('mmc', '1001', 'HQ-Edge-Router', 'Router', 'Rack', 'DC-Rack-A1', NULL, 40, 'active');
INSERT INTO components (profile_id, id, name, type, placement_type, rack_id, desk_id, u_position, status) VALUES ('mmc', '1002', 'HQ-Core-Switch', 'Switch', 'Rack', 'DC-Rack-A1', NULL, 38, 'active');
INSERT INTO components (profile_id, id, name, type, placement_type, rack_id, desk_id, u_position, status) VALUES ('mmc', '1003', 'HQ-Firewall', 'Firewall', 'Rack', 'DC-Rack-A1', NULL, 36, 'active');
INSERT INTO components (profile_id, id, name, type, placement_type, rack_id, desk_id, u_position, status) VALUES ('mmc', '1004', 'HQ-WAN-Router', 'Router', 'Rack', 'DC-Rack-A1', NULL, 34, 'active');
INSERT INTO components (profile_id, id, name, type, placement_type, rack_id, desk_id, u_position, status) VALUES ('mmc', '2001', 'DC1-Server', 'Server', 'Rack', 'DC-Rack-A2', NULL, 40, 'active');
INSERT INTO components (profile_id, id, name, type, placement_type, rack_id, desk_id, u_position, status) VALUES ('mmc', '2002', 'DC2-Server', 'Server', 'Rack', 'DC-Rack-A2', NULL, 38, 'active');
INSERT INTO components (profile_id, id, name, type, placement_type, rack_id, desk_id, u_position, status) VALUES ('mmc', '2003', 'File-Server', 'Server', 'Rack', 'DC-Rack-A2', NULL, 36, 'active');
INSERT INTO components (profile_id, id, name, type, placement_type, rack_id, desk_id, u_position, status) VALUES ('mmc', '2004', 'SQL-Server', 'Server', 'Rack', 'DC-Rack-A2', NULL, 34, 'active');
INSERT INTO components (profile_id, id, name, type, placement_type, rack_id, desk_id, u_position, status) VALUES ('mmc', '2005', 'Backup-Server', 'Server', 'Rack', 'DC-Rack-A2', NULL, 32, 'active');
INSERT INTO components (profile_id, id, name, type, placement_type, rack_id, desk_id, u_position, status) VALUES ('mmc', '2006', 'SAP-Server', 'Server', 'Rack', 'DC-Rack-B1', NULL, 40, 'active');
INSERT INTO components (profile_id, id, name, type, placement_type, rack_id, desk_id, u_position, status) VALUES ('mmc', '2007', 'CallManager-Server', 'Server', 'Rack', 'DC-Rack-B1', NULL, 38, 'active');
INSERT INTO components (profile_id, id, name, type, placement_type, rack_id, desk_id, u_position, status) VALUES ('mmc', '2008', 'Splunk-Server', 'Server', 'Rack', 'DC-Rack-B1', NULL, 36, 'active');
INSERT INTO components (profile_id, id, name, type, placement_type, rack_id, desk_id, u_position, status) VALUES ('mmc', '3001', 'HQ-Dist-SW-1', 'Switch', 'Rack', 'IDF-HQ-B1', NULL, 22, 'active');
INSERT INTO components (profile_id, id, name, type, placement_type, rack_id, desk_id, u_position, status) VALUES ('mmc', '3002', 'HQ-Dist-SW-2', 'Switch', 'Rack', 'IDF-HQ-B1', NULL, 20, 'active');
INSERT INTO components (profile_id, id, name, type, placement_type, rack_id, desk_id, u_position, status) VALUES ('mmc', '3003', 'HQ-Access-SW-1', 'Switch', 'Rack', 'IDF-HQ-B1', NULL, 18, 'active');
INSERT INTO components (profile_id, id, name, type, placement_type, rack_id, desk_id, u_position, status) VALUES ('mmc', '3004', 'HQ-Access-SW-2', 'Switch', 'Rack', 'IDF-HQ-B1', NULL, 16, 'active');
INSERT INTO components (profile_id, id, name, type, placement_type, rack_id, desk_id, u_position, status) VALUES ('mmc', '3101', 'HQ-AP-Lobby', 'AccessPoint', 'Standalone', NULL, NULL, NULL, 'active');
INSERT INTO components (profile_id, id, name, type, placement_type, rack_id, desk_id, u_position, status) VALUES ('mmc', '3102', 'HQ-AP-Eng', 'AccessPoint', 'Standalone', NULL, NULL, NULL, 'active');
INSERT INTO components (profile_id, id, name, type, placement_type, rack_id, desk_id, u_position, status) VALUES ('mmc', '3103', 'HQ-AP-Exec', 'AccessPoint', 'Standalone', NULL, NULL, NULL, 'active');
INSERT INTO components (profile_id, id, name, type, placement_type, rack_id, desk_id, u_position, status) VALUES ('mmc', '4001', 'WS-IT-MikeChen', 'Workstation', 'Desk', NULL, 'IT-Desk-1', NULL, 'active');
INSERT INTO components (profile_id, id, name, type, placement_type, rack_id, desk_id, u_position, status) VALUES ('mmc', '4002', 'WS-IT-SarahKim', 'Workstation', 'Desk', NULL, 'IT-Desk-2', NULL, 'active');
INSERT INTO components (profile_id, id, name, type, placement_type, rack_id, desk_id, u_position, status) VALUES ('mmc', '4003', 'WS-HR-PatriciaMartinez', 'Workstation', 'Desk', NULL, 'HR-Desk-1', NULL, 'active');
INSERT INTO components (profile_id, id, name, type, placement_type, rack_id, desk_id, u_position, status) VALUES ('mmc', '4004', 'WS-ENG-DavidPark', 'Workstation', 'Desk', NULL, 'ENG-Desk-1', NULL, 'active');
INSERT INTO components (profile_id, id, name, type, placement_type, rack_id, desk_id, u_position, status) VALUES ('mmc', '4005', 'WS-ENG-JenniferAdams', 'Workstation', 'Desk', NULL, 'ENG-Desk-2', NULL, 'active');
INSERT INTO components (profile_id, id, name, type, placement_type, rack_id, desk_id, u_position, status) VALUES ('mmc', '4006', 'WS-CAD-LisaChen', 'Workstation', 'Desk', NULL, 'CAD-Desk-1', NULL, 'active');
INSERT INTO components (profile_id, id, name, type, placement_type, rack_id, desk_id, u_position, status) VALUES ('mmc', '4007', 'WS-CEO-ThomasAnderson', 'Workstation', 'Desk', NULL, 'CEO-Desk', NULL, 'active');
INSERT INTO components (profile_id, id, name, type, placement_type, rack_id, desk_id, u_position, status) VALUES ('mmc', '4008', 'WS-CFO-MargaretSullivan', 'Workstation', 'Desk', NULL, 'CFO-Desk', NULL, 'active');
INSERT INTO components (profile_id, id, name, type, placement_type, rack_id, desk_id, u_position, status) VALUES ('mmc', '4009', 'WS-FIN-EmilyRodriguez', 'Workstation', 'Desk', NULL, 'FIN-Desk-1', NULL, 'active');
INSERT INTO components (profile_id, id, name, type, placement_type, rack_id, desk_id, u_position, status) VALUES ('mmc', '5001', 'PRN-HQ-Floor1', 'Printer', 'Standalone', NULL, NULL, NULL, 'active');
INSERT INTO components (profile_id, id, name, type, placement_type, rack_id, desk_id, u_position, status) VALUES ('mmc', '5002', 'PRN-HQ-Engineering', 'Printer', 'Standalone', NULL, NULL, NULL, 'active');
INSERT INTO components (profile_id, id, name, type, placement_type, rack_id, desk_id, u_position, status) VALUES ('mmc', '5003', 'PRN-HQ-Executive', 'Printer', 'Standalone', NULL, NULL, NULL, 'active');
INSERT INTO components (profile_id, id, name, type, placement_type, rack_id, desk_id, u_position, status) VALUES ('mmc', '6001', 'INDY-Router', 'Router', 'Rack', 'IDF-Indy', NULL, 10, 'active');
INSERT INTO components (profile_id, id, name, type, placement_type, rack_id, desk_id, u_position, status) VALUES ('mmc', '6002', 'INDY-Switch-1', 'Switch', 'Rack', 'IDF-Indy', NULL, 8, 'active');
INSERT INTO components (profile_id, id, name, type, placement_type, rack_id, desk_id, u_position, status) VALUES ('mmc', '6003', 'INDY-AP', 'AccessPoint', 'Standalone', NULL, NULL, NULL, 'active');
INSERT INTO components (profile_id, id, name, type, placement_type, rack_id, desk_id, u_position, status) VALUES ('mmc', '6004', 'WS-INDY-ChrisMiller', 'Workstation', 'Desk', NULL, 'INDY-Desk-1', NULL, 'active');
INSERT INTO components (profile_id, id, name, type, placement_type, rack_id, desk_id, u_position, status) VALUES ('mmc', '6005', 'WS-INDY-AmandaJohnson', 'Workstation', 'Desk', NULL, 'INDY-Desk-2', NULL, 'active');
INSERT INTO components (profile_id, id, name, type, placement_type, rack_id, desk_id, u_position, status) VALUES ('mmc', '6006', 'PRN-INDY', 'Printer', 'Standalone', NULL, NULL, NULL, 'active');
INSERT INTO components (profile_id, id, name, type, placement_type, rack_id, desk_id, u_position, status) VALUES ('mmc', '7001', 'DET-Router', 'Router', 'Rack', 'IDF-Detroit', NULL, 10, 'active');
INSERT INTO components (profile_id, id, name, type, placement_type, rack_id, desk_id, u_position, status) VALUES ('mmc', '7002', 'DET-Switch-1', 'Switch', 'Rack', 'IDF-Detroit', NULL, 8, 'active');
INSERT INTO components (profile_id, id, name, type, placement_type, rack_id, desk_id, u_position, status) VALUES ('mmc', '7003', 'DET-AP', 'AccessPoint', 'Standalone', NULL, NULL, NULL, 'active');
INSERT INTO components (profile_id, id, name, type, placement_type, rack_id, desk_id, u_position, status) VALUES ('mmc', '7004', 'WS-DET-KevinOBrien', 'Workstation', 'Desk', NULL, 'DET-Desk-1', NULL, 'active');
INSERT INTO components (profile_id, id, name, type, placement_type, rack_id, desk_id, u_position, status) VALUES ('mmc', '7005', 'PRN-DET', 'Printer', 'Standalone', NULL, NULL, NULL, 'active');
INSERT INTO components (profile_id, id, name, type, placement_type, rack_id, desk_id, u_position, status) VALUES ('mmc', '8001', 'PIT-Router', 'Router', 'Rack', 'IDF-Pittsburgh', NULL, 10, 'active');
INSERT INTO components (profile_id, id, name, type, placement_type, rack_id, desk_id, u_position, status) VALUES ('mmc', '8002', 'PIT-Switch-1', 'Switch', 'Rack', 'IDF-Pittsburgh', NULL, 8, 'active');
INSERT INTO components (profile_id, id, name, type, placement_type, rack_id, desk_id, u_position, status) VALUES ('mmc', '8003', 'PIT-AP', 'AccessPoint', 'Standalone', NULL, NULL, NULL, 'active');
INSERT INTO components (profile_id, id, name, type, placement_type, rack_id, desk_id, u_position, status) VALUES ('mmc', '8004', 'WS-PIT-NicoleTaylor', 'Workstation', 'Desk', NULL, 'PIT-Desk-1', NULL, 'active');
INSERT INTO components (profile_id, id, name, type, placement_type, rack_id, desk_id, u_position, status) VALUES ('mmc', '8005', 'PRN-PIT', 'Printer', 'Standalone', NULL, NULL, NULL, 'active');

-- ASSETS
INSERT INTO assets (profile_id, id, name, category, manufacturer, model, serial_number, mac_address, status, rack, position_u, height_u, space, storage_location, notes) VALUES ('mmc', 'asset-001', 'HQ-Core-SW-01', 'Network', 'Cisco', 'Catalyst 9500-48X', 'FXS2345Q0AB', '00:1A:2B:3C:4D:01', 'installed:active', 'DC-Rack-A1', 40, 1, NULL, NULL, NULL);
INSERT INTO assets (profile_id, id, name, category, manufacturer, model, serial_number, mac_address, status, rack, position_u, height_u, space, storage_location, notes) VALUES ('mmc', 'asset-002', 'HQ-Core-SW-02', 'Network', 'Cisco', 'Catalyst 9500-48X', 'FXS2345Q0AC', '00:1A:2B:3C:4D:02', 'installed:active', 'DC-Rack-A1', 39, 1, NULL, NULL, NULL);
INSERT INTO assets (profile_id, id, name, category, manufacturer, model, serial_number, mac_address, status, rack, position_u, height_u, space, storage_location, notes) VALUES ('mmc', 'asset-003', 'HQ-FW-01', 'Network', 'Palo Alto', 'PA-3220', 'PA3220-0012345', '00:1B:17:00:01:A1', 'installed:active', 'DC-Rack-A1', 38, 1, NULL, NULL, NULL);
INSERT INTO assets (profile_id, id, name, category, manufacturer, model, serial_number, mac_address, status, rack, position_u, height_u, space, storage_location, notes) VALUES ('mmc', 'asset-004', 'HQ-FW-02', 'Network', 'Palo Alto', 'PA-3220', 'PA3220-0012346', '00:1B:17:00:01:A2', 'installed:active', 'DC-Rack-A1', 37, 1, NULL, NULL, 'HA pair with HQ-FW-01');
INSERT INTO assets (profile_id, id, name, category, manufacturer, model, serial_number, mac_address, status, rack, position_u, height_u, space, storage_location, notes) VALUES ('mmc', 'asset-005', 'HQ-ESX-01', 'Server', 'Dell', 'PowerEdge R750', 'DELL-7X8K2M3', '24:6E:96:AA:BB:01', 'installed:active', 'DC-Rack-A2', 38, 2, NULL, NULL, NULL);
INSERT INTO assets (profile_id, id, name, category, manufacturer, model, serial_number, mac_address, status, rack, position_u, height_u, space, storage_location, notes) VALUES ('mmc', 'asset-006', 'HQ-ESX-02', 'Server', 'Dell', 'PowerEdge R750', 'DELL-7X8K2M4', '24:6E:96:AA:BB:02', 'installed:active', 'DC-Rack-A2', 36, 2, NULL, NULL, NULL);
INSERT INTO assets (profile_id, id, name, category, manufacturer, model, serial_number, mac_address, status, rack, position_u, height_u, space, storage_location, notes) VALUES ('mmc', 'asset-007', 'HQ-ESX-03', 'Server', 'Dell', 'PowerEdge R750', 'DELL-7X8K2M5', '24:6E:96:AA:BB:03', 'installed:active', 'DC-Rack-A2', 34, 2, NULL, NULL, NULL);
INSERT INTO assets (profile_id, id, name, category, manufacturer, model, serial_number, mac_address, status, rack, position_u, height_u, space, storage_location, notes) VALUES ('mmc', 'asset-008', 'HQ-ESX-04', 'Server', 'Dell', 'PowerEdge R750', 'DELL-7X8K2M6', '24:6E:96:AA:BB:04', 'installed:active', 'DC-Rack-A2', 32, 2, NULL, NULL, NULL);
INSERT INTO assets (profile_id, id, name, category, manufacturer, model, serial_number, mac_address, status, rack, position_u, height_u, space, storage_location, notes) VALUES ('mmc', 'asset-009', 'HQ-ESX-05', 'Server', 'Dell', 'PowerEdge R750', 'DELL-7X8K2M7', '24:6E:96:AA:BB:05', 'installed:active', 'DC-Rack-A2', 30, 2, NULL, NULL, NULL);
INSERT INTO assets (profile_id, id, name, category, manufacturer, model, serial_number, mac_address, status, rack, position_u, height_u, space, storage_location, notes) VALUES ('mmc', 'asset-010', 'HQ-ESX-06', 'Server', 'Dell', 'PowerEdge R750', 'DELL-7X8K2M8', '24:6E:96:AA:BB:06', 'installed:active', 'DC-Rack-A2', 28, 2, NULL, NULL, NULL);
INSERT INTO assets (profile_id, id, name, category, manufacturer, model, serial_number, mac_address, status, rack, position_u, height_u, space, storage_location, notes) VALUES ('mmc', 'asset-011', 'HQ-NAS-01', 'Storage', 'NetApp', 'FAS8200', 'NTA-8200-123456', '02:0C:29:00:00:01', 'installed:active', 'DC-Rack-B1', 36, 4, NULL, NULL, 'Primary storage - 50TB usable');
INSERT INTO assets (profile_id, id, name, category, manufacturer, model, serial_number, mac_address, status, rack, position_u, height_u, space, storage_location, notes) VALUES ('mmc', 'asset-012', 'HQ-NAS-02', 'Storage', 'NetApp', 'FAS8200', 'NTA-8200-123457', '02:0C:29:00:00:02', 'installed:active', 'DC-Rack-B1', 32, 4, NULL, NULL, 'DR replication target');
INSERT INTO assets (profile_id, id, name, category, manufacturer, model, serial_number, mac_address, status, rack, position_u, height_u, space, storage_location, notes) VALUES ('mmc', 'asset-013', 'HQ-BKP-01', 'Server', 'Dell', 'PowerEdge R650', 'DELL-BKP0001', '24:6E:96:CC:DD:01', 'installed:active', 'DC-Rack-B1', 28, 1, NULL, NULL, 'Veeam Backup & Replication server');
INSERT INTO assets (profile_id, id, name, category, manufacturer, model, serial_number, mac_address, status, rack, position_u, height_u, space, storage_location, notes) VALUES ('mmc', 'asset-014', 'HQ-DC-01', 'Server', 'Dell', 'PowerEdge R450', 'DELL-DC001', '24:6E:96:DD:EE:01', 'installed:active', 'DC-Rack-A1', 34, 1, NULL, NULL, 'Primary Domain Controller');
INSERT INTO assets (profile_id, id, name, category, manufacturer, model, serial_number, mac_address, status, rack, position_u, height_u, space, storage_location, notes) VALUES ('mmc', 'asset-015', 'HQ-DC-02', 'Server', 'Dell', 'PowerEdge R450', 'DELL-DC002', '24:6E:96:DD:EE:02', 'installed:active', 'DC-Rack-A1', 33, 1, NULL, NULL, 'Secondary Domain Controller');
INSERT INTO assets (profile_id, id, name, category, manufacturer, model, serial_number, mac_address, status, rack, position_u, height_u, space, storage_location, notes) VALUES ('mmc', 'asset-016', 'HQ-IDF-SW-B1', 'Network', 'Cisco', 'Catalyst 9200-24P', 'FXS1234B1A1', '00:1A:2B:3C:5D:01', 'installed:active', 'IDF-HQ-B1', 20, 1, NULL, NULL, 'Basement floor access switch');
INSERT INTO assets (profile_id, id, name, category, manufacturer, model, serial_number, mac_address, status, rack, position_u, height_u, space, storage_location, notes) VALUES ('mmc', 'asset-017', 'INDY-RTR-01', 'Network', 'Cisco', 'ISR 4331', 'FTX2101ABCD', '00:1A:2B:4C:01:01', 'installed:active', 'IDF-Indy', 10, 1, NULL, NULL, 'WAN router - 100Mbps circuit');
INSERT INTO assets (profile_id, id, name, category, manufacturer, model, serial_number, mac_address, status, rack, position_u, height_u, space, storage_location, notes) VALUES ('mmc', 'asset-018', 'INDY-SW-01', 'Network', 'Cisco', 'Meraki MS120-24P', 'Q2QN-1234-ABCD', '00:18:0A:11:22:01', 'installed:active', 'IDF-Indy', 8, 1, NULL, NULL, NULL);
INSERT INTO assets (profile_id, id, name, category, manufacturer, model, serial_number, mac_address, status, rack, position_u, height_u, space, storage_location, notes) VALUES ('mmc', 'asset-019', 'INDY-AP-01', 'Network', 'Cisco', 'Meraki MR46', 'Q2MD-2345-BCDE', '00:18:0A:AA:11:01', 'installed:active', NULL, NULL, NULL, 'Indy Open Office', 'Ceiling mount - main area', NULL);
INSERT INTO assets (profile_id, id, name, category, manufacturer, model, serial_number, mac_address, status, rack, position_u, height_u, space, storage_location, notes) VALUES ('mmc', 'asset-020', 'DET-RTR-01', 'Network', 'Cisco', 'ISR 4331', 'FTX2102EFGH', '00:1A:2B:4C:02:01', 'installed:active', 'IDF-Detroit', 10, 1, NULL, NULL, NULL);
INSERT INTO assets (profile_id, id, name, category, manufacturer, model, serial_number, mac_address, status, rack, position_u, height_u, space, storage_location, notes) VALUES ('mmc', 'asset-021', 'DET-SW-01', 'Network', 'Cisco', 'Meraki MS120-24P', 'Q2QN-2345-EFGH', '00:18:0A:22:33:01', 'installed:active', 'IDF-Detroit', 8, 1, NULL, NULL, NULL);
INSERT INTO assets (profile_id, id, name, category, manufacturer, model, serial_number, mac_address, status, rack, position_u, height_u, space, storage_location, notes) VALUES ('mmc', 'asset-022', 'DET-AP-01', 'Network', 'Cisco', 'Meraki MR46', 'Q2MD-3456-CDEF', '00:18:0A:BB:22:01', 'installed:active', NULL, NULL, NULL, 'Detroit Open Office', 'Ceiling mount - main area', NULL);
INSERT INTO assets (profile_id, id, name, category, manufacturer, model, serial_number, mac_address, status, rack, position_u, height_u, space, storage_location, notes) VALUES ('mmc', 'asset-023', 'PIT-RTR-01', 'Network', 'Cisco', 'ISR 4331', 'FTX2103IJKL', '00:1A:2B:4C:03:01', 'installed:active', 'IDF-Pittsburgh', 10, 1, NULL, NULL, NULL);
INSERT INTO assets (profile_id, id, name, category, manufacturer, model, serial_number, mac_address, status, rack, position_u, height_u, space, storage_location, notes) VALUES ('mmc', 'asset-024', 'PIT-SW-01', 'Network', 'Cisco', 'Meraki MS120-24P', 'Q2QN-3456-IJKL', '00:18:0A:33:44:01', 'installed:active', 'IDF-Pittsburgh', 8, 1, NULL, NULL, NULL);
INSERT INTO assets (profile_id, id, name, category, manufacturer, model, serial_number, mac_address, status, rack, position_u, height_u, space, storage_location, notes) VALUES ('mmc', 'asset-025', 'PIT-AP-01', 'Network', 'Cisco', 'Meraki MR46', 'Q2MD-4567-DEFG', '00:18:0A:CC:33:01', 'installed:active', NULL, NULL, NULL, 'Pittsburgh Open Office', 'Ceiling mount - main area', NULL);
INSERT INTO assets (profile_id, id, name, category, manufacturer, model, serial_number, mac_address, status, rack, position_u, height_u, space, storage_location, notes) VALUES ('mmc', 'asset-026', 'HQ-AP-LOBBY', 'Network', 'Cisco', 'Aironet 9120AX', 'FCW2433L001', '00:3A:7D:01:01:01', 'installed:active', NULL, NULL, NULL, 'Reception Area', 'Ceiling mount - lobby entrance', NULL);
INSERT INTO assets (profile_id, id, name, category, manufacturer, model, serial_number, mac_address, status, rack, position_u, height_u, space, storage_location, notes) VALUES ('mmc', 'asset-027', 'HQ-AP-ENG', 'Network', 'Cisco', 'Aironet 9120AX', 'FCW2433L002', '00:3A:7D:01:01:02', 'installed:active', NULL, NULL, NULL, 'Engineering Open Plan', 'Ceiling mount - center', NULL);
INSERT INTO assets (profile_id, id, name, category, manufacturer, model, serial_number, mac_address, status, rack, position_u, height_u, space, storage_location, notes) VALUES ('mmc', 'asset-028', 'HQ-AP-EXEC', 'Network', 'Cisco', 'Aironet 9120AX', 'FCW2433L003', '00:3A:7D:01:01:03', 'installed:active', NULL, NULL, NULL, 'Executive Suite', 'Ceiling mount - conference area', NULL);
INSERT INTO assets (profile_id, id, name, category, manufacturer, model, serial_number, mac_address, status, rack, position_u, height_u, space, storage_location, notes) VALUES ('mmc', 'asset-029', 'SPARE-SW-01', 'Network', 'Cisco', 'Catalyst 9200-24P', 'FXS9999SP01', '00:1A:2B:99:99:01', 'storage', NULL, NULL, NULL, 'Data Center', 'Spare parts shelf A', 'Cold spare for IDF switches');
INSERT INTO assets (profile_id, id, name, category, manufacturer, model, serial_number, mac_address, status, rack, position_u, height_u, space, storage_location, notes) VALUES ('mmc', 'asset-030', 'SPARE-AP-01', 'Network', 'Cisco', 'Aironet 9120AX', 'FCW9999SP01', '00:3A:7D:99:99:01', 'storage', NULL, NULL, NULL, 'Data Center', 'Spare parts shelf A', 'Cold spare for wireless APs');
INSERT INTO assets (profile_id, id, name, category, manufacturer, model, serial_number, mac_address, status, rack, position_u, height_u, space, storage_location, notes) VALUES ('mmc', 'asset-031', 'SPARE-SRV-01', 'Server', 'Dell', 'PowerEdge R450', 'DELL-SP001', '24:6E:96:99:99:01', 'storage', NULL, NULL, NULL, 'Data Center', 'Spare parts shelf B', 'Emergency replacement server');
INSERT INTO assets (profile_id, id, name, category, manufacturer, model, serial_number, mac_address, status, rack, position_u, height_u, space, storage_location, notes) VALUES ('mmc', 'asset-032', 'OLD-FW-01', 'Network', 'Palo Alto', 'PA-850', 'PA850-OLD001', '00:1B:17:OLD:01:A1', 'installed:inactive', 'DC-Rack-B1', 5, 1, NULL, NULL, 'Replaced by PA-3220 pair - pending decommission');

